nflId,name,team,tCPOE,targets,catches,EPA
2540013,Will Compton,TEN,-0.9022553487224219,1,0,-0.431752216814711
2560745,Sam Hubbard,CIN,-0.8907921364621034,1,0,-1.78361177357899
2533048,Nick Perry,GB,-0.7909515918586996,1,0,-0.300232355385149
2540159,Kevin Minter,TB,-0.618328696951216,1,0,-0.409221715574152
2561020,Bradley Chubb,DEN,-0.5237268190979805,1,0,-0.826330321752438
2555543,Keanu Neal,ATL,-0.4693283730975726,1,0,-0.13965933916381
2540291,Kayvon Webster,HOU,-0.3922508415372738,1,0,-0.925972881114309
2557853,Ryan Anderson,WAS,-0.35336879324459447,2,1,-0.2506878787537056
2560963,Anthony Averett,BAL,-0.30563048369457857,5,1,-0.1268495618468102
2556652,Lafayette Pitts,BUF,-0.29378727720554587,6,1,-0.5007132767460545
2560921,Armani Watts,KC,-0.2708825497661002,2,1,-2.181418579280653
2532890,Mychal Kendricks,SEA,-0.2602289713629606,8,4,-0.44804973735273274
2556711,Jarrod Wilson,JAX,-0.2589136704706576,8,2,-0.3807854394079019
2552307,Bryce Hager,LA,-0.25360434903339646,2,1,-0.314576751572678
2560956,Marcus Allen,PIT,-0.24161440629219041,3,2,-0.4669326100716763
2557995,Marcus Maye,NYJ,-0.22147476142816605,6,2,0.18538294017049367
2558033,Ben Gedeon,MIN,-0.2109991411480089,7,3,-0.10338243137943562
2532898,Brandon Marshall,DEN,-0.19991005019810826,14,8,0.01553305192843344
2552266,Anthony Chickillo,PIT,-0.1978463253892968,3,2,0.6253981507009366
2556775,Terrance Smith,KC,-0.18708022557064963,11,6,-0.07338237242671673
2532974,Kyle Wilber,OAK,-0.1862571515377416,1,0,-0.254356197530656
2559356,Dominique Hatfield,LA,-0.1859268629861317,1,0,-0.18674029304363
71197,Connor Barwin,NYG,-0.1823013223351813,4,3,0.15011032901590377
2558853,Mike Tyson,HOU,-0.1691190463608326,2,0,-2.2291527949596732
2550842,Adrian Phillips,LAC,-0.16425868405085753,36,14,-0.0962765428459583
2495454,Julio Jones,ATL,-0.1639495221997483,1,0,-2.04710104534428
2552261,Kevin Johnson,HOU,-0.1609424882005582,4,2,1.1417105127337162
2556489,James Burgess,CLE,-0.15792766055430857,4,1,-0.005592130631617773
2553657,Neville Hewitt,NYJ,-0.15743368599966123,18,10,0.44740918552487224
2556512,Donte' Deayon,NYG,-0.15677677061436693,8,2,0.20825666176759772
2558858,Joshua Holsey,WAS,-0.1533408190760092,3,2,0.44344495373418513
2558077,Delano Hill,SEA,-0.15141323786227218,13,5,0.3079073272313958
2533016,Najee Goode,IND,-0.1509888047908034,4,2,-1.0712381918727996
2495252,K.J. Wright,SEA,-0.14634234491469966,12,8,0.43043695258111675
2508084,Patrick Robinson,NO,-0.1364221484929961,8,4,0.13618500919724685
2552255,Eric Rowe,NE,-0.1338062084446841,10,5,-0.032830875533449724
2553687,Zach Vigil,WAS,-0.13014235498365478,4,3,-0.20340735485148898
2532431,Craig Robertson,NO,-0.129379347008062,6,3,0.14850354910976798
2543608,Dexter McDougle,PHI,-0.1292093814651386,4,3,0.5273017409415648
2558184,Damontae Kazee,ATL,-0.12748061591914825,15,8,0.1986302371299415
2532966,Bobby Wagner,SEA,-0.12504152552787007,40,23,-0.10306996420642742
2555380,Cyrus Jones,BAL,-0.12095971981570458,2,1,0.9092380857215531
2557969,Matt Milano,BUF,-0.1182771857894926,27,12,-0.45866071719781853
2540219,J.J. Wilcox,IND,-0.11618079891568164,4,2,-1.1670409236037904
2543712,Terrence Brooks,NYJ,-0.11330875859441647,5,1,-0.7178944026746289
2555169,Reggie Ragland,KC,-0.11184125481676864,15,8,-0.3075303516754265
2552313,Hayes Pullard,LAC,-0.11127532178216767,4,3,0.7237686120822862
2552427,Tony Lippett,NYG,-0.11031287280467326,6,3,0.7278845556463854
2560718,Rashaan Evans,TEN,-0.11002907605055748,13,6,-0.18011712553442677
2505660,Terrell Suggs,BAL,-0.10982357621413907,14,8,-0.2838428766521033
2539320,Kenny Vaccaro,TEN,-0.10910857179675926,27,15,-0.1957029737536161
2540170,David Amerson,ARI,-0.10776795259527494,18,8,-0.05957212350972724
2556642,Patrick Onwuasor,BAL,-0.10582755901982388,16,11,0.03616281583199436
2552312,Eric Kendricks,MIN,-0.10365225051509619,41,24,-0.14810356472286332
2557855,Jarrad Davis,DET,-0.09938072639770609,34,21,-0.10667182680852033
2553655,Anthony Harris,MIN,-0.09923691042313233,16,7,-0.5927067004252478
2553637,Justin Coleman,SEA,-0.09431524351064738,59,32,-0.06918359926350336
2539219,Blidi Wreh-Wilson,ATL,-0.09395896731794053,4,1,-0.976068504433977
2559152,Dylan Cole,HOU,-0.09111082584528268,8,6,1.1326922140576152
2558176,Eddie Jackson,CHI,-0.08981869272856598,44,20,-0.7112075384373481
2533056,Luke Kuechly,CAR,-0.08814972668792963,39,27,-0.07455598211464261
306,Dominique Rodgers-Cromartie,OAK,-0.08787504521539412,11,4,-0.28279299071811725
2560741,Holton Hill,MIN,-0.08622812141344571,24,7,-0.648832217367911
2558067,Marlon Humphrey,BAL,-0.08591800637530686,73,30,-0.3038167106843424
2560947,Kenny Young,BAL,-0.08487800805986642,17,10,-0.0852132347862287
2558094,Zach Cunningham,HOU,-0.08460202269230058,45,31,0.30168433155952784
2560917,Fred Warner,SF,-0.08453291605464365,52,29,0.10233456893551375
2555340,Kyler Fackrell,GB,-0.08443191313412271,12,6,0.046722491359231
2543720,Christian Kirksey,CLE,-0.0823343750293937,27,17,0.2027260967109906
2558801,Jordan Evans,CIN,-0.08224940429939315,21,14,0.24920866952130621
2543874,Andre Hal,HOU,-0.08131065903951344,9,4,-0.5022747859178309
2560808,Quenton Meeks,JAX,-0.07996949442627148,5,2,0.6685696353500139
2354,Wesley Woodyard,TEN,-0.07831011763640673,26,14,0.10654027561865846
2558005,Jayon Brown,TEN,-0.07761212610952146,40,20,-0.20198261710964285
2552310,Denzel Perryman,LAC,-0.07624797510065763,18,10,0.03421286734065792
2560819,Nick Nelson,OAK,-0.07489800105445613,27,13,0.14906077348430677
2552301,Vic Beasley,ATL,-0.07378164930066478,10,7,-0.1098583394786064
2495775,Eric Weddle,BAL,-0.07321507582928684,37,18,-0.23147927705968135
2495201,Pernell McPhee,WAS,-0.0729099232604436,2,1,-0.3972698630029975
2557979,Jamal Adams,NYJ,-0.0727777738509758,46,22,-0.13115463391645862
2560775,Rashaan Gaulden,CAR,-0.07216691000457691,4,2,-0.5214878269161325
2543597,Avery Williamson,NYJ,-0.07137601499679831,48,30,0.05232875936378566
2558175,Nate Gerry,PHI,-0.07132114254555433,6,4,-0.6433564514999572
2558159,Xavier Woods,DAL,-0.0712992623627182,32,20,0.35794041141185784
2535687,Michael Thomas,NYG,-0.07121794539124064,26,14,0.03533571164698054
2560826,Uchenna Nwosu,LAC,-0.07116384883590418,5,2,-0.3748137714369208
2532848,Tashaun Gipson,JAX,-0.06986183285390024,39,17,-0.008315108134958138
2555177,Mackensie Alexander,MIN,-0.06790830397673067,46,24,-0.3015059994416135
2557837,Reuben Foster,SF,-0.0678830960836654,23,14,0.1973407073415855
2550572,Christian Jones,DET,-0.06728904727254792,15,11,-0.12598782081164378
2557996,Kevin King,GB,-0.06685937114943931,22,11,0.03733100980144734
80431,Clay Matthews,GB,-0.06682701718054265,5,4,0.35692050016804
2533057,Dont'a Hightower,NE,-0.06635328137795585,22,16,0.3739028465564556
2556673,Brennan Scarlett,HOU,-0.06552049423883725,7,4,-0.5143775616181878
2539982,A.J. Klein,NO,-0.06548069023341897,19,12,0.04343037773975979
496727,Morgan Burnett,PIT,-0.06499501383658932,26,12,-0.10643683588389709
2552684,Mark Nzeocha,SF,-0.06427622043569864,6,4,-0.022163346374681675
2540162,Logan Ryan,TEN,-0.06426494905521839,46,26,-0.07184413030314578
2560877,Roquan Smith,CHI,-0.06382494734430098,64,40,0.12256135816570861
2543823,E.J. Gaines,CLE,-0.06321740470458691,15,6,-0.3401940041438292
2539277,Manti Te'o,NO,-0.06318476180398606,8,6,-0.194865125921193
2557972,Marquel Lee,OAK,-0.0626331068605426,16,11,0.15305711521088425
2560946,Isaac Yiadom,DEN,-0.06262644564638606,35,18,0.06376409586035768
2555322,Darron Lee,NYJ,-0.06262346874141983,34,21,-0.3958645390391008
2539943,D.J. Swearinger,WAS,-0.062390486739567506,39,21,-0.16554732046753973
2555166,Joe Schobert,CLE,-0.06174727030645137,33,16,-0.12442510332872202
2499278,Malcolm Smith,SF,-0.061305940817996375,16,9,0.1908836802826551
2543470,Ha Ha Clinton-Dix,WAS,-0.06126504090997499,36,22,0.1314824023474223
2534846,Neiko Thorpe,SEA,-0.06106894744267802,5,2,-1.122668515322176
494289,Sherrick McManis,CHI,-0.060410103957309294,20,11,-0.3971380479659549
2550257,Daniel Sorensen,KC,-0.05937086436390155,15,7,-0.020474758441120247
2543637,Terrance Mitchell,CLE,-0.05865017612963967,43,23,0.11547080755867195
2307,Orlando Scandrick,KC,-0.058570725564845764,82,38,0.16125888026367982
2558062,Gareon Conley,OAK,-0.05838780418794327,43,23,0.08508411058465813
2506345,Adam Jones,DEN,-0.056251556933060644,13,6,-0.4260357175962247
2533060,Dre Kirkpatrick,CIN,-0.05527041010658662,70,32,0.2740225194158499
2555329,Myles Jack,JAX,-0.05361888365101825,30,19,-0.0038606216161407767
2557967,Duke Riley,ATL,-0.05314165409218591,26,21,0.23127993277498105
2556641,Romeo Okwara,DET,-0.05240124653878536,6,5,-0.3003096067044119
2560913,Trey Walker,DET,-0.05174250004759464,9,4,0.4270723138375296
2536032,Emmanuel Lamur,OAK,-0.04960193610026759,3,1,-0.464444081596788
2506789,Tramon Williams,GB,-0.04910549585561586,51,28,-0.03850555870112047
2559054,Nicholas Morrow,OAK,-0.04894225727552149,18,12,-0.2021773213745633
2560755,Josh Jackson,GB,-0.048748248383959386,57,35,0.5274409642245582
2532800,Nigel Bradham,PHI,-0.04802016723623202,43,28,-0.1428959257075474
71251,Patrick Chung,NE,-0.04797212377670283,57,30,-0.17030771311333487
2555349,Kendall Fuller,KC,-0.04683466989043633,90,55,0.12420281256861308
2560728,Tre Flowers,SEA,-0.046483384804596344,62,36,0.30270288720246746
2560816,Skai Moore,IND,-0.04603893478599857,1,0,-0.848576955902416
2560763,Josey Jewell,DEN,-0.04594207013230216,28,18,0.3941953601133364
2532789,Mark Barron,LA,-0.04575501450029066,26,15,-0.33587543183121843
2540221,Vince Williams,PIT,-0.04563531741267314,37,25,-0.015986277771268008
2561042,Nick DeLuca,JAX,-0.045354308730853984,4,3,0.812288030470192
2557880,Josh Harvey-Clemons,WAS,-0.04530572893993168,18,10,-0.48034026121608475
2543869,Devon Kennard,DET,-0.044936628334078736,10,7,-0.22528124339316363
2507917,Tramaine Brock,DEN,-0.04484978030097519,38,19,0.12772577115726802
2543830,Tre Boston,ARI,-0.044722552534988365,40,23,0.5839695216073908
2550605,Marcus Williams,CHI,-0.04446926744824735,7,4,-0.6051112182531765
2560760,Derwin James,LAC,-0.04385587830418046,56,33,-0.3934001620081401
2508004,Anthony Levine,BAL,-0.04262674996731305,16,10,0.038679028282346366
2559260,Tre Sullivan,PHI,-0.04071636799417096,7,3,-0.3315973320265204
2533062,Stephon Gilmore,NE,-0.04017515674096282,89,38,-0.2242276176565175
2561103,Tremon Smith,KC,-0.039178172893799,7,4,0.4919601672525036
2555386,Sean Davis,PIT,-0.0390159782258951,29,15,-0.052781849588958395
2560712,Terrell Edmunds,PIT,-0.038658231464728236,39,22,0.12928038231560351
2555256,Jordan Jenkins,NYJ,-0.03853549426353279,7,6,-0.27871081709112094
2555552,Ryan Smith,TB,-0.03831919453370169,31,17,-0.009010700653656334
2552592,Kwon Alexander,TB,-0.03762210223843064,18,15,0.3190422819518872
2555280,Jalen Ramsey,JAX,-0.03734673439225594,97,45,-0.11677850053742021
2560928,Kyzir White,LAC,-0.03671639951049935,9,3,-0.3402994492003378
2557887,Haason Reddick,ARI,-0.03658431755013029,35,26,0.08726433468653404
2561117,Tarvarius Moore,SF,-0.03652075707037872,18,11,0.452467203094995
2550164,T.J. Carrie,CLE,-0.0364105393005604,81,43,0.02052577300234202
2552484,P.J. Williams,NO,-0.036109520236462585,65,37,0.09972769287270009
2552265,Steven Nelson,KC,-0.03607646557075792,98,49,0.11434239581158993
2560916,Denzel Ward,CLE,-0.03589026154170355,81,41,-0.04562213361952646
2558070,Raekwon McMillan,MIA,-0.03586895917684596,27,22,0.7331747694267564
2556445,Brian Poole,ATL,-0.035723842252633226,60,36,0.20498128006909694
2495507,Richard Sherman,SF,-0.03521807641207242,37,19,0.6173600283045919
2560827,Dorian O'Daniel,KC,-0.035103195516810536,18,12,0.03782218026778411
2543811,Pierre Desir,IND,-0.03376813550029042,64,34,0.05895453787571253
2555522,B.J. Goodson,NYG,-0.033749950080261104,26,19,0.11517514734603228
2543563,Kevin Pierre-Louis,NYJ,-0.03365290180860172,5,4,-0.11862432894212419
496735,Kareem Jackson,HOU,-0.03356678709969755,69,40,0.07160904908671592
2555307,Devante Bond,TB,-0.033404849172054475,7,5,0.5927823859325787
2558976,Kenny Moore,IND,-0.03336756666078303,62,40,0.1632798601268536
496733,Joe Haden,PIT,-0.03321179982430147,86,43,-0.023793188281459078
2495343,Buster Skrine,NYJ,-0.032695904765358004,60,36,0.23245709203178014
2543571,Bashaud Breeland,GB,-0.03265769348393142,28,14,-0.40249626905582037
1302,Aqib Talib,LA,-0.031831933216613165,27,15,-0.07669041017835763
2556148,Jatavis Brown,LAC,-0.031515337298105024,47,33,0.13801268085234236
2555161,Blake Martinez,GB,-0.031259373354742825,44,29,-0.015859266991679354
2560713,Tremaine Edmunds,BUF,-0.03100077934924466,59,41,-0.19082613576774293
2532946,Coty Sensabaugh,PIT,-0.030735740498284557,58,30,-0.020975120162242098
2560901,Kevin Toliver,CHI,-0.030481921976172645,20,11,-0.23373366378024155
2543872,Nevin Lawson,DET,-0.03004061147131477,65,34,0.2845355759099683
2541243,Duron Harmon,NE,-0.029563415358680026,17,8,0.09393568813305936
2540152,Eric Reid,CAR,-0.028782004887775155,27,17,0.5667050287281624
2558163,Alex Anzalone,NO,-0.028020736718612747,28,20,0.20015491685117434
2555175,James Bradberry,CAR,-0.026589234433723283,108,48,-0.06170286156947635
2543814,Preston Brown,CIN,-0.02635215860299863,18,11,-0.14164831584767573
71423,Brian Orakpo,TEN,-0.02574288712159646,8,7,0.41310111558018503
2556429,Matthias Farley,IND,-0.025223154079438453,10,5,-0.041393205700423305
2543492,Lamarcus Joyner,LA,-0.02504595004131632,31,15,0.4190738107825628
71441,Glover Quin,DET,-0.02498633581846711,32,21,0.2485749932869183
2553710,Deshazor Everett,WAS,-0.023302966956713123,3,2,-0.19491683481708155
2561039,Carlton Davis,TB,-0.02293655026168912,52,26,0.20184036721049387
2556587,Cre'von LeBlanc,PHI,-0.02258064105590831,36,23,0.265094156866047
2558066,Curtis Samuel,CAR,-0.022102685218996724,1,0,-2.65196933141531
2556655,Tyvis Powell,SF,-0.02202848054626083,4,3,0.6013472062382419
2530510,Chris Harris,DEN,-0.022016611081822242,52,30,0.07330793082889779
2561316,Jalen Davis,MIA,-0.021975356138306503,6,4,0.04577177950593495
2560789,Darius Leonard,IND,-0.020615161510111165,53,38,-0.1405102179869934
2506861,Brent Grimes,TB,-0.020565614440014892,47,30,0.768047600903469
2532804,Zach Brown,WAS,-0.020224205381425508,40,26,0.09043218132919603
2543681,Kyle Fuller,CHI,-0.020196601814179874,100,54,-0.1663073950448054
2555568,Erik Harris,OAK,-0.01965804309824059,21,11,0.4400366478379991
2555539,Xavien Howard,MIA,-0.018973678189640453,55,30,-0.08230350134341087
2553536,Troy Hill,LA,-0.018586292341508676,39,22,0.2625070283366703
2507948,Frank Zombo,KC,-0.018100777756380266,1,0,-0.310622950219131
2540155,Xavier Rhodes,MIN,-0.017707075552936054,62,35,0.21917408864392018
2560725,Minkah Fitzpatrick,MIA,-0.016288583124253464,64,31,-0.24293170860446422
2557840,Chidobe Awuzie,DAL,-0.015518040139344153,81,45,0.38454473662963273
2539935,Kiko Alonso,MIA,-0.015446393215745565,43,27,-0.033290355691321806
2555342,Karl Joseph,OAK,-0.015187787455553907,12,5,0.2836107634433894
2543769,Deone Bucannon,ARI,-0.014892358813919149,12,7,0.07951779470231006
2532861,Casey Hayward,LAC,-0.014752391804682163,52,25,-0.0696379433812954
2560964,Genard Avery,CLE,-0.014519457163956657,16,10,-0.5250904934512516
2560982,Tony Brown,GB,-0.014484663471974604,38,22,0.19741804782525213
2541200,Rashaan Melvin,OAK,-0.014243893822566224,63,35,0.4517718588931394
2495153,Marcus Gilchrist,OAK,-0.013938621286401625,53,31,0.23335305906812195
2552697,Jermaine Whitehead,GB,-0.013914304683061103,16,11,0.3315024486746923
2559058,Maurice Smith,MIA,-0.013786064383590362,6,3,0.0580888251213755
2495272,Chris Conte,TB,-0.013781264698558868,8,6,1.2168772634507286
2560851,Justin Reid,HOU,-0.013691391993983096,39,23,0.48463762959091905
2540288,Darius Slay,DET,-0.013194635298616945,86,39,0.012622222869580287
2534832,Rodney McLeod,PHI,-0.01076455088054297,7,3,-0.18449871498355372
2540197,Nickell Robey-Coleman,LA,-0.010186852853445923,44,26,-0.03970872559421978
2555160,Antonio Morrison,GB,-0.01007701656467112,7,5,0.43651516433127885
2555310,Jaylon Smith,DAL,-0.009967895524702616,38,29,0.14145041120316612
2558136,Fabian Moreau,WAS,-0.009576653590857246,67,41,0.44495676418643554
2555255,De'Vondre Campbell,ATL,-0.009304227318575754,40,29,0.03652868131532763
2552296,Kyle Emanuel,LAC,-0.00861121965798874,4,2,-0.28083787172036795
2533059,Morris Claiborne,NYJ,-0.008080014178784957,72,38,0.24139411932606303
2561147,Cornell Armstrong,MIA,-0.00799024808125057,9,7,0.7573414431866459
2552454,Landon Collins,NYG,-0.007680207696126134,48,34,0.4699703276648665
2535613,L.J. Fort,PIT,-0.007436451232366529,23,14,0.06044116849096017
2556367,William Jackson,CIN,-0.007022774134588598,63,33,0.10940453862336594
2560766,Taron Johnson,BUF,-0.00678932472168986,39,22,-0.2719491693232698
2552434,Bobby McCain,MIA,-0.00672283357180475,53,32,0.33988955499089946
2552385,Adrian Amos,CHI,-0.006684505465497192,44,30,-0.09568275472607503
2558851,Anthony Walker,IND,-0.0062238949072269375,35,21,-0.08617655413120842
2543711,Telvin Smith,JAX,-0.006167113910481967,52,36,0.03964396538353419
2540164,Tony Jefferson,BAL,-0.006108626291931693,40,25,0.1468944165080236
2541792,Ray-Ray Armstrong,NYG,-0.005729264733416474,7,5,0.27226873387071704
2558819,Derrick Jones,NYJ,-0.005553044937844767,4,3,-0.33326593615997624
80668,Captain Munnerlyn,CAR,-0.0053695878868208445,55,35,-0.014855528130273384
2550930,Todd Davis,DEN,-0.005330537930213985,40,29,0.01707965724341097
2560984,Oren Burks,GB,-0.0053084306408362385,6,5,0.06748848903454668
2495807,Antoine Bethea,ARI,-0.005144783638083896,48,28,-0.028032626259492818
2552568,Byron Jones,DAL,-0.005111393976736301,76,38,0.16676271819797736
497240,Rob Gronkowski,NE,-0.004730564898874575,1,0,-1.15973135353203
2555158,Kevin Byard,TEN,-0.004287305362071968,30,16,-0.09963485952435633
79848,Malcolm Jenkins,PHI,-0.004001302269074112,47,32,0.2801668057490689
2541162,A.J. Bouye,JAX,-0.003831705301501164,64,40,0.03583333215964982
2556571,Jonathan Jones,NE,-0.003731856449296072,64,36,0.018067833503560244
2556456,Andrew Adams,TB,-0.0035891243492660514,22,12,-0.4538866795937694
2558133,Montae Nicholson,WAS,-0.0034846795755025285,13,6,0.5972974825668884
2539290,Jordan Poyer,BUF,-0.003482891343798598,23,14,0.20083972282260878
2561207,Raven Greene,GB,-0.0033183007820352904,1,0,2.72070809974371
2559164,Michael Davis,LAC,-0.002741438874516192,55,29,-0.05342463750445771
2532877,Trumaine Johnson,NYJ,-0.0024680848892844713,54,31,-0.03523090290706075
2543850,Ricardo Allen,ATL,-0.002237311954048919,14,9,-0.060238702586451594
2556374,Blake Countess,LA,-0.0020103243539668914,4,3,1.2057879363506467
2561131,George Odum,IND,-0.0018371499668523741,7,6,0.43455026115843487
494307,Darian Stewart,DEN,-0.0015932782947688658,19,13,0.23952291994175787
2559012,Eric Wilson,MIN,-0.001578073594487712,19,15,-0.12777748364362954
2556559,Mike Hilton,PIT,-0.001028196846046269,53,31,-0.24385157151455955
2560754,J.C. Jackson,NE,-8.568905216710019e-4,44,21,-0.12876386676767285
2552494,Eli Harold,DET,-5.70795669201852e-4,1,0,-0.822761561619825
2552490,Benardrick McKinney,HOU,-5.429815030010441e-4,32,20,-0.27814264880536993
2560743,Jeff Holland,DEN,-1.3855895092679496e-4,1,0,-0.531035053700704
2561283,Zeke Turner,ARI,-8.748477163155861e-5,1,0,-1.42492275838954
2555168,Kentrell Brothers,MIN,-5.6489710201785626e-5,1,0,-0.67608388695316
2558166,Tyus Bowser,BAL,-8.061394046165297e-6,1,0,-0.36378785214207
2543680,Antone Exum,SF,1.9393391518439458e-4,18,8,0.8588335572230577
2495251,Shareece Wright,HOU,2.1328912630686037e-4,50,31,0.32900883055620267
2540140,Barkevious Mingo,SEA,4.5063225922261274e-4,13,10,0.00374999526844725
2532920,Josh Norman,WAS,6.084456862460817e-4,65,39,0.07349243156679337
2556475,Briean Boddy-Calhoun,CLE,0.0019993251073317907,48,33,0.005472482584000917
2506352,Thomas Davis,CAR,0.0022697259551188948,41,30,-0.08791134205156549
2555156,Jayron Kearse,MIN,0.002432148616441082,11,8,-0.17840319315781855
2552447,Shaq Thompson,CAR,0.002683352781573896,33,27,0.2546069968464025
2555285,Leonard Floyd,CHI,0.0031752516023237165,14,12,0.412490249541916
2555277,Eli Apple,NO,0.0033316233244149065,107,55,0.06145735539505875
2541832,Jeff Heath,DAL,0.0034178651333301793,47,28,-0.07822451588824308
2560830,Isaiah Oliver,ATL,0.003469465910667321,25,15,0.24824398636616016
2495617,Leon Hall,OAK,0.004240630588856271,18,13,0.2057303736119663
2558157,Ahkello Witherspoon,SF,0.004336179085933858,71,33,0.19397176573075095
2553562,Dean Marlowe,BUF,0.004399212915950559,3,1,0.29955323093146563
2558065,Adoree' Jackson,TEN,0.004862609395925519,97,56,0.1268563081692486
2553500,Bryce Callahan,CHI,0.004982557216869348,39,27,0.25045227788918545
2550654,K'Waun Williams,SF,0.005726619720598733,38,27,0.2869373229683318
2540143,Alec Ogletree,NYG,0.006066020366295167,52,34,0.02080921696021863
2550541,Shaquil Barrett,DEN,0.006149096771144055,9,7,-0.20176742961223487
2543464,C.J. Mosley,BAL,0.006363980408218682,47,35,0.3919487924341801
2560746,Mike Hughes,MIN,0.0070909168150791405,15,10,0.3464976341408061
2541192,Chris Banjo,NO,0.00722364652381107,3,1,-1.0242356963878927
2552386,Clayton Geathers,IND,0.007467382305340978,31,20,0.1870155387019204
2553456,Akeem King,SEA,0.008240144607022222,14,9,0.205218034235377
2539978,Jon Bostic,PIT,0.008672153616266587,28,22,0.2770142643576842
2556617,Doug Middleton,NYJ,0.010397068403074645,12,5,-0.41461354834253794
4365,Brandon Carr,BAL,0.01100282264892659,74,35,-0.022188900623731658
2539237,D.J. Hayden,JAX,0.011165837543439656,37,25,-0.045264546750717574
2557867,Tre'Davious White,BUF,0.011212418836263113,67,35,0.1868629441074071
2557924,Jalen Reeves-Maybin,DET,0.011606143530911562,3,1,-0.46793097392358
2532986,Tahir Whitehead,OAK,0.011666289485845246,35,26,0.34568776820031893
2553822,Curtis Riley,NYG,0.011802204942343261,29,15,0.39742738844499603
2555173,Eric Murray,KC,0.012274229795616307,32,15,0.02648093195702777
2539334,Desmond Trufant,ATL,0.012286216348031167,91,53,0.1277047746958778
2558119,Josh Jones,GB,0.012488727541769008,27,18,0.3638497986477833
2539240,Micah Hyde,BUF,0.012517026729318741,28,15,-0.022357524236476974
2560795,Avonte Maddox,PHI,0.012574795089877347,39,18,0.035813798644561606
2535867,Julian Stanford,BUF,0.013155231017921844,7,5,0.3565182086451763
2558830,Samson Ebukam,LA,0.013469121982173314,14,9,0.08352609624143514
2557961,Quincy Wilson,IND,0.01377184342449732,30,16,-0.33504407558814847
2558061,Marshon Lattimore,NO,0.01442886305533945,71,42,0.3508046567917346
2556277,Marqui Christian,LA,0.014533065203722707,37,24,0.2855641637069166
2558108,Nate Hairston,IND,0.014954121265886185,22,13,0.5270638719234898
2543474,Darqueze Dennard,CIN,0.014989563643186628,54,37,0.3636657033403853
2540180,Tyrann Mathieu,HOU,0.015756560547517662,54,34,0.21648877785904555
2561143,Ja'Whaun Bentley,NE,0.016070957378120577,5,3,-0.3906946138718388
2558182,Rayshawn Jenkins,LAC,0.016273837757599784,7,4,-0.25697551901801513
2558821,Jamal Agnew,DET,0.016463269752800005,8,6,0.4543564315706359
2495281,Mason Foster,WAS,0.016622223089607157,51,38,-0.2468314614703
89756,Jason McCourty,NE,0.017007031638048366,76,43,0.047487212563694155
2557958,Sidney Jones,PHI,0.017214739505388998,39,25,0.13433458234653695
2532828,Lavonte David,TB,0.01756830587618598,55,43,-0.03881982885650285
2543855,Bene' Benwikere,OAK,0.017707260448071596,52,32,0.03818076285396233
2543592,Anthony Hitchens,KC,0.01794978840918073,29,23,0.22398514429024258
2559293,Dymonte Thomas,DEN,0.018264419173541286,3,1,-0.7559263649884067
2558971,Greg Mabin,SF,0.018365126901418265,16,8,0.3321090927243711
2558259,Shaquill Griffin,SEA,0.019130728278726382,69,40,0.18046271345403758
2543851,Phillip Gaines,CLE,0.019668284087108683,35,21,0.6974095949418678
2539293,Gerald Hodges,ARI,0.01979702558857554,21,17,0.3097534014704097
2532961,Danny Trevathan,CHI,0.019869230353353213,49,34,0.05027472214090566
2560822,Parry Nickerson,NYJ,0.019959311241415895,23,16,0.13279885329713917
2560753,Donte Jackson,CAR,0.020103452129525773,72,44,0.42318398621098124
2552262,Quandre Diggs,DET,0.020436444757946082,49,32,0.0060884524774787434
2555550,Justin Simmons,DEN,0.021375444609685632,48,34,0.32437103985973176
2556278,Will Parks,DEN,0.02138045972231449,24,13,-0.13264093387323844
2525323,Andrew Sendejo,MIN,0.02142482553217494,6,4,0.7387876289593079
2558183,John Johnson,LA,0.021685763876743085,50,34,0.06706925235983108
2495108,Prince Amukamara,CHI,0.022368219821322324,81,45,0.1903519648845024
2539653,Robert Alford,ATL,0.022576282745447766,76,46,0.636195986398228
2555547,KeiVarae Russell,CIN,0.022717830061598516,14,10,0.5220883330945281
2555299,Vernon Hargreaves,TB,0.023415582465044254,6,4,0.34756588570255365
2552392,Jordan Richards,ATL,0.02347477515377818,21,14,0.18585853883347947
2552488,Marcus Peters,LA,0.02352151675339319,62,40,0.4161786609832224
2508080,Earl Thomas,SEA,0.02493839109860078,6,2,-0.8695384528783321
2539309,T.J. McDonald,MIA,0.025169238231105867,29,20,0.6591925307113594
2558009,Budda Baker,ARI,0.025912910483275528,68,51,0.113416638836178
2552448,Trae Waynes,MIN,0.02615205719034517,46,30,0.2193637856170359
2543699,Kyle Van Noy,NE,0.026477446141869847,35,29,-0.0460554345726214
2557980,Jabrill Peppers,CLE,0.02652159022229229,45,30,0.3123034303463264
2556833,De'Vante Harris,TB,0.027879951082315158,6,4,0.7186150437580339
2557927,Desmond King,LAC,0.028667938533585575,59,43,-0.02565437732776802
2555530,Vonn Bell,NO,0.028926641686598743,47,32,0.44085150606136103
2560970,Jessie Bates,CIN,0.02935962033830937,43,23,0.21382799188468601
2560930,Jordan Whitehead,TB,0.029829634848503615,30,19,0.062092602975868424
2560966,Jerome Baker,MIA,0.030228757369026117,41,28,0.16173583583698256
2533542,Josh Robinson,NO,0.030543286244663258,3,1,-1.55373293316913
2555162,Deion Jones,ATL,0.031019176710909407,23,18,0.1938730835681612
2555528,Nick Vigil,CIN,0.03134646257971353,34,26,0.23135651571627494
2557920,Jourdan Lewis,DAL,0.031555949352769785,16,9,-0.6414346480328806
2532948,Harrison Smith,MIN,0.032427097116844245,34,22,0.20088496751716567
2560986,Jason Cabinda,OAK,0.03260291191383702,5,2,-0.01483891564626122
2556542,Nicholas Grigsby,NE,0.03265600161697014,2,1,0.547634740940704
2552389,Damarious Randall,CLE,0.03276107442024827,39,25,0.46951830800155303
2555155,Deon Bush,CHI,0.03282883382981107,7,3,-0.3941958518929619
2530491,Josh Bynes,ARI,0.03317368503243438,31,24,0.22965664970525734
2550565,Adarius Taylor,TB,0.034400788764051546,23,17,0.3178532217098021
496723,Eric Berry,KC,0.03455991923293064,4,3,0.7263636514567118
2556371,Brandon Williams,ARI,0.035523681593975426,6,3,0.08681628985426852
2560908,Leighton Vander Esch,DAL,0.03578650305316418,43,34,-0.0316945076891084
2555383,Jalen Mills,PHI,0.0377934798261408,51,27,0.4433332984642831
2550613,Malcolm Butler,TEN,0.037830540496307234,80,50,0.30652435736092026
2532875,Janoris Jenkins,NYG,0.038131079508577824,84,50,0.03690688140848987
2561149,Matthew Adams,IND,0.038264589552748696,7,6,0.8389957676776866
2552276,Preston Smith,WAS,0.03883702334190187,13,9,-0.16107752087978516
2539243,Bradley McDougald,SEA,0.03923214714866062,46,36,0.4963517816885949
2533008,Demario Davis,NO,0.03941877360627469,43,31,0.0388122394336945
494259,Barry Church,JAX,0.03958939914611358,24,16,0.63830513430069
2539338,B.W. Webb,NYG,0.039786634036782544,68,34,0.22995521664933213
2539311,Jamie Collins,CLE,0.03979194226848125,45,35,-0.019965206348312007
2558121,Elijah Lee,SF,0.0405989453161143,26,22,0.10776358982628584
2555394,Daryl Worley,OAK,0.040797419587575816,36,20,0.28433256116323574
2543741,Jimmie Ward,SF,0.041550837846936695,19,9,0.43510427512810973
2543501,Aaron Colvin,HOU,0.041759233525038124,25,18,0.20820361713346303
2555339,Kamalei Correa,TEN,0.042408126678148014,6,5,0.3358278836625472
2495872,Johnathan Joseph,HOU,0.04279730734531904,89,50,-0.04292498559668056
2561107,Corey Thompson,BUF,0.04301747458620523,4,3,-1.5321355696790535
2558060,Malik Hooker,IND,0.043031269491123764,11,7,0.9332430347922442
2561003,Shaun Dion Hamilton,WAS,0.04311334456513538,1,1,-0.0906276763337506
2560714,Duke Ejiofor,HOU,0.043451503760642926,5,4,0.4088382750544238
494287,Devin McCourty,NE,0.043824756256470025,43,28,0.4150242711211739
2556593,Cory Littleton,LA,0.04426188938534143,54,39,0.01933182595311036
2555551,LeShaun Sims,TEN,0.04441131045645627,16,11,0.5891458168403229
2507843,Vincent Rey,CIN,0.04632289681567214,4,3,0.5122705140756547
2552279,Za'Darius Smith,BAL,0.04639908988871229,4,3,0.3187803082814586
2558982,Hardy Nickerson,CIN,0.04667634460336487,28,22,0.12569831854015565
2534830,Tavon Wilson,DET,0.04709609972705659,21,14,0.23697368692670828
2539662,Lerentee McCray,JAX,0.047398486191799205,1,1,2.21321511722067
2560952,Jaire Alexander,GB,0.04749427385397242,84,50,0.17385546859145343
2556443,Sharrod Neasman,ATL,0.04858073686541614,29,18,0.26043688793352116
2508107,Jimmy Smith,BAL,0.04980357333598303,54,33,0.29670237423197
2558064,T.J. Watt,PIT,0.05005724524273923,23,18,0.21953072052619904
2553796,Quinton Dunbar,WAS,0.050101898715543325,42,27,-0.014209009021324395
2558847,Marcus Williams,NO,0.05091883080702325,23,14,0.9236537337189917
2555378,Tavon Young,BAL,0.05127529537062501,43,25,0.03784559917815561
2541539,Daren Bates,TEN,0.05324826963332894,4,3,1.4873338580956506
2561318,Tae Davis,NYG,0.05379226146748514,25,19,0.6135381870819274
2560850,D.J. Reed,SF,0.05481763592542722,11,9,0.43549802963604256
2555540,Derrick Kindred,CLE,0.05626204501098717,16,12,-0.17983145770278613
2561008,Ronnie Harrison,JAX,0.05672090426218195,15,10,0.14928941553987235
2555344,Artie Burns,PIT,0.057049786484448584,28,17,0.7383951750556601
2541202,Marcus Cooper,DET,0.05714909538408714,3,2,0.4671714584122397
2552289,Bud Dupree,PIT,0.058122312693322645,12,9,0.06118851789546678
2495190,Ryan Kerrigan,WAS,0.05837929674810419,9,8,0.21091596260116066
2560875,Andre Smith,CAR,0.05849504713622333,1,1,0.0693739716851116
2558174,Rudy Ford,ARI,0.05853601623000537,1,1,0.65138768715344
2558923,Riley Bullough,TB,0.058580858660553736,1,1,0.74163337535682206
2532928,Eddie Pleasant,GB,0.05990053136856753,8,5,0.6098244745025005
2553353,Darryl Roberts,NYJ,0.05994125148239924,47,31,0.1223624614558728
2560759,Natrell Jamerson,HOU,0.060487780953535165,4,3,1.2359262601132077
2550262,Joe Thomas,DAL,0.06049982027225558,4,3,0.2115215494443185
2561527,Mike Ford,DET,0.061720944012840166,31,22,0.9900744058633809
2560897,Matthew Thomas,PIT,0.0618861809825757,1,1,-2.20034508815461
2560839,Darius Phillips,CIN,0.06202652975821278,23,17,0.3874060934358544
2533459,Nate Stupar,NYG,0.06270100180165251,3,2,0.3334185769942523
2530794,Ron Parker,KC,0.06272920485888937,33,21,0.4705662214767606
2550365,Kenny Ladler,NYG,0.06274512124350617,1,1,2.27489109744451
496937,Sean Lee,DAL,0.06274581276112531,9,8,0.781152830241074
496739,Reshad Jones,MIA,0.06297031863968844,27,15,-0.9040811359159425
2543503,Trent Murphy,BUF,0.06337831492583634,1,1,-1.38663174475705
2556817,Tony McRae,CIN,0.06352783202382856,9,6,1.0392011393027147
2506268,Lorenzo Alexander,BUF,0.06417436005012878,23,16,-0.30113432954442987
2540287,Rontez Miles,NYJ,0.06440985571134628,3,2,0.05995513934713998
2561001,Grant Haley,NYG,0.06441894262030104,29,22,0.5420740260691767
2558097,Ukeme Eligwe,NYG,0.06463148675094293,2,2,0.15236521974016698
2553441,David Mayo,CAR,0.06470657987505958,4,3,0.40726979771480826
238227,Mike Mitchell,IND,0.0647267580039714,9,8,-0.8933639543820611
2552315,Jordan Hicks,PHI,0.06520402749671297,31,21,-0.10441783902450945
2555381,DeAndre Houston-Carson,CHI,0.0663921633105804,3,2,0.8816542134331863
2543459,Anthony Barr,MIN,0.06765405556265743,15,11,0.5955336082214754
2561033,Dane Cruikshank,TEN,0.06787980402368399,1,1,-0.515004389912278
2556735,Ken Crawley,NO,0.06788519317020797,42,28,0.8108874457226999
2552689,Ronald Darby,PHI,0.06866746148316599,65,36,-0.03461941344920089
2559208,Ryan Lewis,BUF,0.06925787618021959,17,11,0.48153114462120294
2558274,Shalom Luani,SEA,0.06988303126522533,1,1,-1.57246943226209
2543505,Bradley Roby,DEN,0.07037158752535529,77,44,0.29054389219842847
2555345,Su'a Cravens,DEN,0.07088605965468077,9,8,0.9663977522641451
2495339,Da'Norris Searcy,CAR,0.07174733341689152,3,2,-0.09811617037554665
2507644,Ramon Humber,BUF,0.07296577526426432,4,3,0.3166010913279219
2556119,Elandon Roberts,NE,0.07387043016057772,20,17,0.4161867742244781
2555294,Shilique Calhoun,OAK,0.07446098091126874,2,2,0.9156027691171785
2543738,Kareem Martin,NYG,0.07546533657111269,6,5,1.0785858770164096
2532869,George Iloka,MIN,0.0755007008349431,4,2,0.4816573033113455
2556934,Javien Elliott,TB,0.07586718298715803,21,17,0.2609469625712296
2552730,Brian Peters,HOU,0.07648948648535253,2,2,0.9297926775016945
2495504,Patrick Peterson,ARI,0.07670593762761052,45,25,0.17057457917843127
2506353,Derrick Johnson,OAK,0.07683131135962094,6,5,-0.18130385565080498
2495613,Corey Graham,PHI,0.07752368759249664,17,13,0.8251269847969044
2495202,Von Miller,DEN,0.07754766198835296,6,6,1.3182786065491272
2539233,Shawn Williams,CIN,0.07795142404690183,42,29,0.6766291471466641
2555531,Anthony Brown,DAL,0.07823316320732618,46,28,0.1252482638877319
2561278,Tavierre Thomas,CLE,0.07861177222786017,3,2,-0.06280142458026401
1037374,Sam Shields,LA,0.07895993584156036,31,23,0.7836553327335986
2555542,Jordan Lucas,KC,0.07933540544103714,13,7,0.891288917486519
2560764,Danny Johnson,WAS,0.079579311107183,10,9,0.7203848302312936
2541958,Jahleel Addae,LAC,0.07979729380592872,27,15,0.47963036052886476
2553722,Matt Longacre,LA,0.08034861739157027,3,2,0.12866681010698502
2561132,Foye Oluokun,ATL,0.08110673854352496,35,26,0.011880462135750797
2533049,Whitney Mercilus,HOU,0.08125454343067277,13,12,0.20459203927500857
2532871,Bruce Irvin,ATL,0.08144497024716324,1,1,-1.230475618387
2560881,Breeland Speaks,KC,0.08250205931525877,7,7,0.19243772731379158
2561015,Lorenzo Carter,NYG,0.08279175423315302,6,4,-0.8422572175213507
2552391,Jaquiski Tartt,SF,0.08290617176415736,14,11,0.5032138031551576
2559109,Deante Burton,HOU,0.08293198392243135,5,5,0.8361467493228072
2560886,Greg Stroman,WAS,0.08361853965158826,34,22,0.4438718166549959
2555505,Matt Judon,BAL,0.08372188664019023,14,10,-0.06850126399409527
2552317,Mike Hull,MIA,0.08372287376829263,2,2,-0.0892123606378795
2560914,Levi Wallace,BUF,0.08380082523702147,20,9,-0.20739833096866547
2534567,Korey Toomer,GB,0.08405663501303307,1,1,2.03883365598705
2507817,Rafael Bush,BUF,0.08409807660123979,31,24,0.40869378101317555
2556798,Kenneth Durden,TEN,0.08446538311149465,1,1,0.451816940359036
2533534,Olivier Vernon,NYG,0.08477666855953137,1,1,-1.53125112250064
2533058,Vontaze Burfict,CIN,0.08498011843460941,17,14,0.33180944521777817
2558171,Corn Elder,CAR,0.08509688068179098,6,3,1.3053525419916905
2560884,M.J. Stewart,TB,0.08511980519927435,37,30,0.525224265082764
2558168,Rasul Douglas,PHI,0.08563918081846923,61,43,0.3301231775436716
2557945,Justin Evans,TB,0.08876823849263822,15,11,-0.25483732954060323
2559200,Joe Jones,DEN,0.08892619310981087,1,1,-0.779001545676086
2558289,Tanner Vallejo,CLE,0.08992677334535264,7,7,1.6553675743068421
2560784,Harold Landry,TEN,0.09014397735910008,8,7,-0.37382354881635477
2561006,Marcell Harris,SF,0.09144964143526405,14,11,0.1385121352089575
2561417,Charvarius Ward,KC,0.0934786306547862,20,14,0.768819701620238
2553790,DeVante Bausby,PHI,0.093584395082039,14,11,0.9340248777692279
2558786,Brandon Wilson,CIN,0.09418708854466389,6,4,-0.9283953293542339
496814,Albert McClellan,BAL,0.09445424881687992,1,1,0.222104993884355
2559934,Justin Lawler,LA,0.09502181184741615,2,2,0.1367458710488529
2507167,Reggie Nelson,OAK,0.0953681376067507,17,11,0.5743727603447188
2555536,Kavon Frazier,DAL,0.09578084309028004,10,8,0.8033502090847021
2556537,Reggie Gilbert,GB,0.09600054390491629,8,7,0.5480803206805682
494261,Kurt Coleman,NO,0.09777874907697415,8,7,0.7017051045694592
2561017,Sean Chandler,NYG,0.09789396454888086,8,7,1.492077592359176
2552686,Damien Wilson,DAL,0.0979885119437642,14,11,0.4771801369606979
2556480,Kentrell Brice,GB,0.09836444511463698,27,21,0.9692798327032672
2561155,Zaire Franklin,IND,0.0990793915908555,7,7,0.9377855804442784
2559053,Torry McTyer,MIA,0.0991386023507463,26,19,1.356453401077408
2561366,Frankie Luvu,NYJ,0.10175605438858014,8,7,-0.40278798618546785
2555288,Nick Kwiatkoski,CHI,0.10450407667446583,8,7,0.4618495603671873
2541544,Benny Cunningham,CHI,0.10465828896520879,1,1,3.27106511380687
2558925,Austin Calitro,SEA,0.10483927056843574,13,9,0.3054769785190998
2561340,Tre Herndon,JAX,0.10523278443941113,7,5,0.46761023987928146
2550767,C.J. Goodwin,DAL,0.10535527884665763,1,1,2.60291781545932
2561383,Ben Niemann,KC,0.10909470572859221,3,3,0.7403316838837354
2561328,Sharif Finch,TEN,0.10923680100289296,4,4,-0.05436042565366021
2495493,Justin Houston,KC,0.11005220342425436,7,6,0.010183651471808849
2557881,Tedric Thompson,SEA,0.11137359394267929,17,13,1.1386864441156983
2552259,Josh Shaw,TB,0.11358185448934163,8,6,0.02932917842558294
2560750,Joel Iyiegbuniwe,CHI,0.11364493521710772,2,2,-0.24170173177645793
2550659,Tyler Patmon,JAX,0.11423020871491349,14,12,0.2572780460033212
2539932,Jamar Taylor,DEN,0.11505657483349298,27,17,0.6783623587407165
2552320,Ramik Wilson,LA,0.11532769168777696,14,10,-0.3379468096207869
2535609,DeShawn Shead,DET,0.11754205306508259,14,11,0.8874087871930783
2541741,LaRoy Reynolds,PHI,0.11952294972409483,1,1,2.18164651095186
2555355,Clayton Fejedelem,CIN,0.12084638622034886,9,6,0.5741431042664676
2558857,Adrian Colbert,SF,0.12255861925414843,6,4,0.9849545303911982
2561093,Jermaine Carter,CAR,0.12295447446201904,5,5,-0.2748757575345556
2558248,Chuck Clark,BAL,0.12378968352635297,18,13,0.33526959434575354
2558189,Obi Melifonwu,NE,0.12523459851414143,1,1,1.54904001730519
2505708,Mike Adams,CAR,0.12571866184016076,33,27,1.1829504313820265
2555171,Tyler Matakevich,PIT,0.12656714303301864,3,3,0.9674565425606324
2559181,Justin Hardee,NO,0.12708927940079093,13,10,-0.16613746841230262
2557955,Teez Tabor,DET,0.1275318128598397,24,16,0.9262289831645457
2560774,Peter Kalambayi,HOU,0.12910314575488213,2,2,0.20033830461805152
2495170,Davon House,GB,0.13090754812812364,5,3,1.0803999292971742
2556363,Kamu Grugier-Hill,PHI,0.13100233296638936,9,7,0.03657772685475494
2556394,Chris Milton,IND,0.13320024375393402,4,3,1.2129897705130974
2561022,Jack Cichy,TB,0.13675464933637083,1,1,0.205887682422646
2556828,Trevor Williams,LAC,0.13786089303987342,26,19,0.9670090065147866
2560758,Leon Jacobs,JAX,0.13929899496448975,4,4,0.45706039283012023
2543724,Walt Aikens,MIA,0.13966730127110313,3,2,1.4262778523797996
2553736,Denzel Rice,CLE,0.14072262436938188,1,1,0.859764069733544
2553719,Josh Keyes,HOU,0.14140029782632002,2,2,1.2883699359184781
2539937,Shamarko Thomas,DEN,0.14205454667376793,1,1,1.9007293587341
494277,Kendrick Lewis,TEN,0.1456102582837147,10,5,0.18923448447710473
2499257,Colin Jones,CAR,0.14659414530938117,5,5,2.0885482034898155
2557931,Cordrea Tankersley,MIA,0.14826811811377116,3,3,0.7360781634662872
2555546,Rashard Robinson,NYJ,0.14878822253311205,8,8,1.4666253127943956
2495136,Bruce Carter,ATL,0.14972139158050385,5,4,0.7113309480038402
2556567,Isaiah Johnson,TB,0.1592810979558576,23,18,1.081325536736192
2558849,Cameron Sutton,PIT,0.16088682599069387,24,17,0.5503851965965356
2555477,Charone Peake,NYJ,0.1629473771278691,1,1,4.09947171150213
2559087,Arthur Maulet,IND,0.1676989378653256,8,7,1.1572961151663936
2552605,Ibraheim Campbell,GB,0.16990752410188908,5,5,0.9305615605991107
2508007,Marcus Sherels,MIN,0.17794550812412357,1,1,1.56183509172774
496828,Derrick Morgan,TEN,0.1826586018034517,7,7,0.2833103134998111
2561157,Keion Crossen,NE,0.1847292968490711,8,7,1.019363894419527
2543643,Nat Berhe,PIT,0.21561370113277237,3,3,2.5164391272458833
2532878,Leonard Johnson,ARI,0.25528561941432487,6,6,1.0462501061631577
2553817,Corey Moore,IND,0.299812461520664,2,2,1.5361932658134099
2555178,Maurice Canady,BAL,0.32435167584612956,2,2,0.6270935697185595
2560887,Chandon Sullivan,PHI,0.40223075029570665,4,4,1.922402579036805
2555220,Derek Watt,LAC,0.41600254955915605,1,1,3.87090189506963
2541431,Kemal Ishmael,ATL,0.4322425859255024,2,2,1.304419175595421
2558988,Lenzy Pipkins,IND,0.5521916336279948,1,1,0.102053828110916
79901,Vontae Davis,BUF,0.9565101424533108,1,1,1.99882425095408
