"","closest","frames","xcomp","avg_sep","avg_downfield","avg_leverage","avg_dir_speed","team","snaps","games","position","pos_category"
"1","A.J. Bouye",14147,0.0163242831539305,3.69547386663462,20.5488868149285,119.208870821643,0.796962592371738,"JAX",377,13,"CB","CB"
"2","A.J. Klein",10775,0.0947658123297505,5.16290714360463,11.2044383719313,119.747731775213,0.462820527873686,"NO",288,16,"OLB","LB"
"3","A.J. Moore",26,5.93148996986241e-12,6.49269624331259,29.6563037396173,22.014763101178,0.876267063156736,"HOU",1,1,"DB","S"
"4","Aaron Colvin",7874,0.0175355262727359,3.95908690129774,16.7449258815505,113.50889014761,0.660700043963519,"HOU",199,8,"CB","CB"
"5","Aaron Lynch",250,9.84671624397112e-06,4.22813904814011,18.6565479710554,97.6616169183669,0.398756749304192,"CHI",5,3,"OLB","LB"
"6","Aaron Wallace",11,0.0456334439590064,5.9816445772599,6.10233048563994,110.566337649474,0.240903453589749,"TEN",2,1,"OLB","LB"
"7","Adam Jones",1974,0.022949809836265,3.85550076091404,20.4721616661499,119.295571368884,0.75939369732667,"DEN",56,5,"CB","CB"
"8","Adarius Taylor",10173,0.0965051487415042,5.42731212043243,11.2912782141527,116.485916385514,0.424840995564633,"TB",246,15,"MLB","LB"
"9","Adonis Alexander",218,0.0123992572846433,3.58483606196466,18.9871234791396,111.749717076904,0.752610622071317,"WAS",8,2,"CB","CB"
"10","Adoree' Jackson",15683,0.0219837798342433,3.5283036666842,20.0949149400489,114.49206894329,0.76297517543847,"TEN",438,16,"CB","CB"
"11","Adrian Amos",5164,0.0397541715837663,3.76655114953166,16.7345563659213,113.279359027971,0.505789354468643,"CHI",245,16,"FS","S"
"12","Adrian Colbert",745,0.0569962486851233,4.31620829594669,17.2856148500745,128.297203951297,0.50706570775413,"SF",45,5,"FS","S"
"13","Adrian Phillips",8236,0.0720286280061651,5.18111415841812,13.2576293012414,115.634166328499,0.446427361068897,"LAC",302,15,"SS","S"
"14","Ahkello Witherspoon",11015,0.0232584897675425,3.24449743814262,18.6162627371897,113.867711201381,0.813122243046897,"SF",308,12,"CB","CB"
"15","Ahmad Thomas",74,0.115633256122782,4.88253352866394,8.61711854408967,123.445060904719,0.654820867513258,"IND",5,1,"ILB","LB"
"16","Akeem King",2767,0.034667075418914,3.52142865275066,16.7643068724588,112.215238149423,0.670447586616739,"SEA",77,8,"CB","CB"
"17","Albert McClellan",339,0.0488405389941707,4.65381335340617,11.5877323555585,115.278048008646,0.53881938156912,"BAL",12,5,"OLB","LB"
"18","Albert McClellan",339,0.0488405389941707,4.65381335340617,11.5877323555585,115.278048008646,0.53881938156912,"NE",12,5,"OLB","LB"
"19","Alec Ogletree",7590,0.0616172874754503,3.50045595802973,12.6051184085196,99.5805079026407,0.479613042698921,"NYG",324,13,"LB","LB"
"20","Alex Anzalone",8353,0.0747861410910566,4.92309643572133,11.8690654924004,120.013225328119,0.477312884322099,"NO",259,16,"OLB","LB"
"21","Alex Armah",115,0.0377753142694531,2.74050619235378,9.11574827811905,143.280907593847,0.846945974493481,"CAR",1,1,"RB","DL/Offensive Player"
"22","Alfred Blue",42,0.0347282803379611,2.25868154175922,23.9921656790902,51.9907488988999,0.569132010836584,"HOU",1,1,"RB","DL/Offensive Player"
"23","Andre Hal",1426,0.0230180909493097,3.65045402388286,18.1486247688294,107.188849464414,0.590330801382084,"HOU",60,8,"FS","S"
"24","Andre Smith",183,0.124414321879581,6.07362875298064,11.096923314014,129.637907297324,0.460299591227429,"CAR",4,1,"LB","LB"
"25","Andrew Adams",3683,0.0639263869275607,4.7932339371149,13.3336859252372,113.711821574024,0.519749373302493,"TB",130,12,"FS","S"
"26","Andrew Sendejo",1146,0.0462741555822989,3.36981092816418,16.2341307704736,112.263658513375,0.553213122670497,"MIN",54,4,"SS","S"
"27","Anthony Averett",1740,0.0116405816983555,3.21114450949911,20.8028579586734,109.794983358931,0.810612261783482,"BAL",39,5,"CB","CB"
"28","Anthony Barr",13053,0.0909726471093859,5.695274374044,11.2519747920898,119.199804064594,0.391429557518762,"MIN",307,12,"OLB","LB"
"29","Anthony Brown",18138,0.0204077102198519,4.174370073387,15.2403350641293,116.439607304094,0.634095826971017,"DAL",375,15,"CB","CB"
"30","Anthony Chickillo",4316,0.075889648888092,3.84064792367972,8.91317499651469,103.302566348169,0.534549018768541,"PIT",139,16,"OLB","LB"
"31","Anthony Harris",2121,0.025246885092387,3.52209497361709,17.8478251737539,111.466288350426,0.579051969857544,"MIN",107,10,"FS","S"
"32","Anthony Hitchens",10250,0.0755258507174437,4.65422781337476,12.2548437864173,112.988594214879,0.478817794595461,"KC",354,14,"MLB","LB"
"33","Anthony Levine",4688,0.0529074229294316,3.25967478092295,14.246920781482,100.443017273695,0.616499172577355,"BAL",171,16,"DB","S"
"34","Anthony Walker",7382,0.0848266717593405,5.37762580356051,11.6322791084365,115.097936038193,0.447790716993673,"IND",286,15,"ILB","LB"
"35","Antoine Bethea",9904,0.0507691952230075,4.19844390252172,12.8219549070327,115.550244372509,0.519894081191377,"ARI",289,16,"FS","S"
"36","Antone Exum",4236,0.0402841396445548,4.34198507249436,13.5149539706884,120.453056939749,0.522328089794581,"SF",144,12,"FS","S"
"37","Antonio Morrison",1887,0.0487847186931665,3.73768457606791,11.9681773547768,108.657094073315,0.458499156121894,"GB",80,16,"ILB","LB"
"38","Aqib Talib",4790,0.028521267352064,4.09378987954576,19.041476018905,110.68912813043,0.683012497924795,"LA",169,8,"CB","CB"
"39","Arden Key",55,0.00773409300950581,6.60089229784039,9.4230797540792,144.715119130646,0.367423700522827,"OAK",1,1,"DE","DL/Offensive Player"
"40","Armani Watts",874,0.0151415932390592,3.01416158780964,13.8433057737217,114.568230908304,0.628981091241895,"KC",30,4,"DB","S"
"41","Arthur Maulet",2117,0.0192021461783591,4.27754132393835,17.8619675960441,122.523806864273,0.73293488435406,"IND",56,4,"CB","CB"
"42","Artie Burns",5429,0.0144334288389587,3.38196736512808,20.360415148848,108.239572781387,0.791187851250571,"PIT",159,8,"CB","CB"
"43","Austin Calitro",2950,0.115006430564912,5.89701630839172,11.7702835328434,118.292501134699,0.463860114702727,"SEA",107,7,"LB","LB"
"44","Austin Ekeler",28,8.56263919901127e-07,1.84282957490538,19.6049926795433,45.134056412863,0.738236624545573,"LAC",1,1,"RB","DL/Offensive Player"
"45","Avery Williamson",11534,0.073163613424144,4.18498839377172,12.483317953385,109.219058218007,0.469295252556532,"NYJ",445,16,"ILB","LB"
"46","Avonte Maddox",7396,0.0208658941601086,4.77209522838434,18.3505257767363,113.44339879485,0.683547821629632,"PHI",205,10,"CB","CB"
"47","B.J. Bello",85,0.0929574361456304,2.7783913599205,13.5854474380002,114.716553553323,0.592554541863366,"PHI",2,2,"MLB","LB"
"48","B.J. Goodson",4152,0.051583408506454,3.50016885661733,11.4286882335605,107.46861948249,0.460686023785872,"NYG",166,15,"ILB","LB"
"49","B.W. Webb",17719,0.0138331083615005,3.05977916204573,18.5577850492237,110.173100356088,0.766535539618608,"NYG",481,16,"CB","CB"
"50","Barkevious Mingo",10518,0.0807888192938767,5.33043176674181,10.4357983244585,117.004575631026,0.474052174053637,"SEA",224,15,"OLB","LB"
"51","Barry Church",5239,0.0781237669317654,5.24684177698215,13.5238536966701,124.714172230249,0.411945750719218,"JAX",161,11,"SS","S"
"52","Bashaud Breeland",5862,0.0227480611706522,3.17836979952557,16.1694943261202,107.75754623313,0.664241755251503,"GB",159,7,"CB","CB"
"53","Ben Braunecker",33,0.003738208049274,1.51739563167631,13.5284430564366,91.1750089769668,0.673080158424647,"CHI",1,1,"TE","DL/Offensive Player"
"54","Ben Gedeon",3532,0.0659089003430148,5.74486125789464,11.1144382244762,121.948401878425,0.416721093312338,"MIN",82,13,"OLB","LB"
"55","Ben Jacobs",148,0.100429686822297,5.41082894470273,9.55431991559707,128.674546851059,0.602840110640699,"CAR",2,2,"OLB","LB"
"56","Ben Niemann",448,0.0567215466407078,3.73171271053593,14.3843881107716,103.470499348212,0.503785867938853,"KC",20,5,"LB","LB"
"57","Benardrick McKinney",11061,0.0688302968244787,4.5334386181774,11.2567345550214,113.863972137645,0.468965690305066,"HOU",390,16,"ILB","LB"
"58","Bene' Benwikere",9672,0.0267698039498023,3.6628959785771,17.854605141338,109.978655245138,0.689790485419105,"ARI",243,12,"CB","CB"
"59","Bene' Benwikere",9672,0.0267698039498023,3.6628959785771,17.854605141338,109.978655245138,0.689790485419105,"OAK",243,12,"CB","CB"
"60","Benny Cunningham",33,0.0902360348863594,2.2035315440383,8.93556911057246,87.5495402681907,0.277199426865009,"CHI",1,1,"RB","DL/Offensive Player"
"61","Benson Mayowa",135,0.0378957842492187,8.32643553551684,10.6433039243276,124.671738816189,0.25877118759245,"ARI",2,1,"DE","DL/Offensive Player"
"62","Blair Brown",9,0.0357694110976216,5.97437600587833,14.1840875382312,48.0638175195422,0.737487496184218,"JAX",1,1,"OLB","LB"
"63","Blake Countess",414,0.0685412900865666,5.63970071477864,15.2693635385642,113.905627714205,0.399290226161859,"LA",17,4,"SS","S"
"64","Blake Martinez",8481,0.0674582225556132,3.43660353337484,12.9652282129943,101.774763749197,0.43650552698197,"GB",377,16,"ILB","LB"
"65","Blidi Wreh-Wilson",668,0.0282211104232628,3.6458971790531,14.6999805538484,110.317058959527,0.698164439986936,"ATL",22,3,"CB","CB"
"66","Bobby McCain",16280,0.0236576378712629,4.27902127399902,16.7630992349978,117.323995485953,0.671166496822812,"MIA",365,14,"CB","CB"
"67","Bobby Wagner",12403,0.0990471046424325,5.62054016370451,11.5478987196539,122.216388743117,0.438524355360444,"SEA",402,14,"MLB","LB"
"68","Bradley Chubb",534,0.0204082740317042,4.18911888364512,15.031043428,114.977033153537,0.390006370780408,"DEN",11,7,"DE","DL/Offensive Player"
"69","Bradley McDougald",11767,0.0550719484467548,5.04997509492352,13.4579248642967,120.049374813289,0.459897528964812,"SEA",312,15,"SS","S"
"70","Bradley Roby",14772,0.0165235044063611,3.28136015505803,18.9727963282463,111.565806320717,0.736277824565987,"DEN",425,14,"CB","CB"
"71","Brandon Carr",17264,0.0159076941025652,3.10390818048815,18.5839570265776,111.191205947497,0.764727620745822,"BAL",459,16,"CB","CB"
"72","Brandon Facyson",194,2.19570817409711e-08,2.93036388286043,25.9629700914097,86.7491344650571,0.819307345578936,"LAC",5,3,"CB","CB"
"73","Brandon Marshall",5000,0.0649114667484511,4.31636206578646,12.8550169216699,108.266494470876,0.461162286538855,"DEN",191,10,"ILB","LB"
"74","Brandon Marshall",5000,0.0649114667484511,4.31636206578646,12.8550169216699,108.266494470876,0.461162286538855,"DEN",191,10,"WR","DL/Offensive Player"
"75","Brandon Williams",1106,0.0255975861885322,3.58827459423187,17.0826042335781,115.635565505597,0.74000739194492,"ARI",38,2,"DT","DL/Offensive Player"
"76","Brandon Williams",1106,0.0255975861885322,3.58827459423187,17.0826042335781,115.635565505597,0.74000739194492,"ARI",38,2,"CB","CB"
"77","Brandon Wilson",1354,0.0279612915923406,3.04979071861551,13.8992872285829,103.111333233233,0.709697813385909,"CIN",39,9,"S","S"
"78","Breeland Speaks",8398,0.10193461117503,5.37001319670502,9.03683929213765,111.200582688133,0.507428024913229,"KC",235,15,"LB","LB"
"79","Brennan Scarlett",1428,0.0828606622840879,5.46709858994618,9.57662414066304,107.195983272962,0.517301083805559,"HOU",46,7,"OLB","LB"
"80","Brent Grimes",12011,0.0154835618680619,4.04230577248596,19.6900551411273,120.816933006887,0.738384374331186,"TB",350,13,"CB","CB"
"81","Brian Orakpo",7744,0.0868724340377706,4.11288371581861,9.24391848413767,107.144566789956,0.488627996937537,"TEN",250,13,"OLB","LB"
"82","Brian Peters",1113,0.0928314342108416,6.13918857842836,11.7209406009903,115.464679292357,0.367456602378751,"HOU",29,5,"ILB","LB"
"83","Brian Poole",18158,0.0232646873683639,4.25047594374043,16.1288922970664,110.758208634993,0.633625011376982,"ATL",452,16,"CB","CB"
"84","Briean Boddy-Calhoun",11910,0.0241458625234084,3.93979512364425,15.415264583454,104.59903116932,0.60129797757862,"CLE",309,14,"CB","CB"
"85","Bruce Carter",984,0.0686175285830136,4.69771292449189,12.5186458465844,117.572900276464,0.509533897146246,"ATL",35,6,"ILB","LB"
"86","Bruce Irvin",171,0.114551116222287,7.03913611009377,18.5775918705216,109.780935699758,0.280811469461285,"OAK",5,4,"LB","LB"
"87","Bruce Irvin",171,0.114551116222287,7.03913611009377,18.5775918705216,109.780935699758,0.280811469461285,"ATL",5,4,"LB","LB"
"88","Bryce Callahan",16471,0.0136229310582942,3.75130513684717,16.7960589764139,115.110891310166,0.659566438296871,"CHI",391,13,"CB","CB"
"89","Bryce Hager",972,0.0662631047816026,4.8747845989465,11.9702951986781,108.118010601368,0.500607694663239,"LA",27,5,"ILB","LB"
"90","Brynden Trawick",42,0.245325588649412,1.78267438243406,4.1815260415437,117.013680138885,0.681326943662873,"TEN",1,1,"FS","S"
"91","Bud Dupree",10830,0.0774873976551778,4.11547706171545,9.32646109405785,100.845476616155,0.541049490455195,"PIT",397,16,"OLB","LB"
"92","Budda Baker",22404,0.0353669138183323,3.98739326614019,13.9233524836411,107.128023285616,0.556115580077934,"ARI",415,14,"FS","S"
"93","Buddy Howell",72,0.041893311187797,1.34217187145962,14.7118583966883,137.091221133917,0.811578414468149,"HOU",1,1,"RB","DL/Offensive Player"
"94","Buster Skrine",15433,0.0188430578229974,3.54072831694864,16.1433633716956,106.660404316987,0.672087147435773,"NYJ",346,14,"CB","CB"
"95","Byron Jones",20483,0.0157742185747409,2.8004710662483,18.7342983924967,116.815580412088,0.787280306642497,"DAL",500,16,"CB","CB"
"96","C.J. Goodwin",65,0.0966175052489145,3.53539956689827,18.8338849999768,125.922741818451,0.914679735816139,"DAL",2,1,"CB","CB"
"97","C.J. Mosley",7604,0.0665321929499197,3.47458183635664,13.0223353772868,98.288590282306,0.506854539932097,"BAL",362,15,"ILB","LB"
"98","Cameron Jordan",31,0.108152935708807,2.8027342192357,8.4626670679617,144.276736029963,-0.488876571623247,"NO",2,2,"DE","DL/Offensive Player"
"99","Cameron Lynch",159,0.0985320880414356,4.17941170803293,6.41436139469528,134.461263724042,0.459914406389472,"TB",5,3,"OLB","LB"
"100","Cameron Sutton",5969,0.0214679568829005,2.97402256437817,16.5524510603003,103.158614150447,0.73288615610876,"PIT",152,10,"CB","CB"
"101","Captain Munnerlyn",18849,0.0220398443989471,4.44743802600362,14.7451501384484,106.71940393268,0.621914603639135,"CAR",376,16,"CB","CB"
"102","Carl Nassib",25,0.0299862779198602,7.70549417888828,7.3204317001498,111.130037056389,0.457305135924713,"TB",1,1,"OLB","LB"
"103","Carlos Dunlap",44,0.137443859704167,5.6313214508824,12.166054853928,114.063464584266,0.46268375106612,"CIN",1,1,"DE","DL/Offensive Player"
"104","Carlton Davis",13552,0.0170687368596465,3.23234604837512,18.7176624967633,114.389800985594,0.787131412815202,"TB",336,13,"CB","CB"
"105","Casey Hayward",17437,0.0155533135448641,3.49548063807117,20.2838166736679,115.834482058202,0.794640499165696,"LAC",449,15,"CB","CB"
"106","Cassanova McKinzy",834,0.0819150115650002,4.32563670274457,8.89307826007501,99.2124188128394,0.550883390445851,"WAS",23,3,"LB","LB"
"107","Chandon Sullivan",1347,0.0188220605823724,4.17962430566657,18.5771918340096,108.816705928896,0.765265345456716,"PHI",44,4,"CB","CB"
"108","Charone Peake",32,0.0508999541341021,3.54620654057196,12.7175399428299,114.521774824022,0.892047960230353,"NYJ",1,1,"WR","DL/Offensive Player"
"109","Charvarius Ward",2256,0.034168045435077,2.57123661816097,18.9205120784128,101.569491307894,0.798391601407843,"KC",64,4,"CB","CB"
"110","Chase Allen",380,0.0339623759205845,6.0994872703201,12.3559839717693,108.287456368923,0.457322619628363,"MIA",5,2,"OLB","LB"
"111","Chidobe Awuzie",15653,0.0196092799692167,3.18204750440057,18.8200874809848,114.476860084575,0.764784000918477,"DAL",433,15,"CB","CB"
"112","Chris Banjo",523,0.0420029220085423,8.10840611840207,16.4839215567552,110.855721482068,0.582451665131613,"NO",20,5,"SS","S"
"113","Chris Board",47,0.00198082828646345,7.05521711246701,16.6967835973204,100.886401815223,0.526966540913553,"BAL",4,1,"LB","LB"
"114","Chris Conte",789,0.0463839362824752,3.41689922553611,15.1632905521102,123.875800514166,0.484786285938348,"TB",47,3,"SS","S"
"115","Chris Harris",13660,0.0200682596387742,3.47431382702141,16.6176873229847,108.513297711144,0.696269302009429,"DEN",333,11,"CB","CB"
"116","Chris Herndon",64,0.0324453142044628,1.44215071880816,8.71425754337348,114.578619710268,0.772499875111444,"NYJ",1,1,"TE","DL/Offensive Player"
"117","Chris Milton",1279,0.0194405430640258,3.84132242643791,19.7791492653201,115.207183686641,0.803095389952567,"IND",33,3,"CB","CB"
"118","Chris Wormley",5,8.10240752853643e-12,6.69689225306933,21.1458708543424,155.605852335382,0.0723104633059745,"BAL",1,1,"DE","DL/Offensive Player"
"119","Christian Jones",6308,0.0516193335999948,3.86178007194464,12.8385133339204,103.404704054752,0.499642714985725,"DET",233,16,"ILB","LB"
"120","Christian Kirksey",7215,0.0843718854373913,4.77728757756655,10.9858502173704,116.525802987456,0.490435772926602,"CLE",220,7,"OLB","LB"
"121","Chuck Clark",2689,0.0340313204717384,3.09334596878359,15.6128443873012,105.196730520435,0.626211147211861,"BAL",103,13,"FS","S"
"122","Clay Matthews",11267,0.0753329136564668,3.77399365464738,9.00583163976093,104.427434101709,0.521499877255762,"GB",341,16,"OLB","LB"
"123","Clayton Fejedelem",1912,0.0303201669591835,3.78829522013385,12.8363932296577,120.364663154955,0.53855131443912,"CIN",64,11,"FS","S"
"124","Clayton Geathers",6621,0.0545437416683339,5.49553785813619,14.0649666971062,119.650100064428,0.519625644482365,"IND",207,12,"FS","S"
"125","Cody Davis",14,3.13134326210144e-12,3.70525376848202,22.3663335731409,146.688265835486,0.938783118727922,"JAX",1,1,"FS","S"
"126","Colin Jones",813,0.0325965236217905,3.94296538530354,16.030294744847,102.404902381396,0.594361648226662,"CAR",30,6,"FS","S"
"127","Connor Barwin",4031,0.100061772507286,4.0900073081533,8.11731462231223,104.572243134082,0.477629541919873,"NYG",138,14,"OLB","LB"
"128","Cordrea Tankersley",375,0.0580111971798813,4.54399709416059,17.9077591901901,109.329850875737,0.752987406696062,"MIA",13,1,"CB","CB"
"129","Corey Graham",4973,0.0360915934063247,4.28371105280548,14.5929616857002,116.328337297255,0.502160857085871,"PHI",183,13,"FS","S"
"130","Corey Moore",332,0.0387270974931103,4.89879650827315,15.7380635250795,122.681533810995,0.418244912616747,"IND",13,6,"SS","S"
"131","Corey Thompson",954,0.0454187943489716,4.67731195316936,10.0097819129471,113.475492994658,0.430422998273944,"BUF",26,3,"LB","LB"
"132","Corn Elder",1169,0.0176289331919141,4.44065201380387,21.9457533477585,102.156314744761,0.756605616235316,"CAR",30,6,"CB","CB"
"133","Cornell Armstrong",1172,0.0310005043040916,3.93223033564489,18.9727292582176,114.898834540027,0.737565621315497,"MIA",36,6,"CB","CB"
"134","Cory Littleton",15364,0.0807028245563148,4.54686189801207,11.1974649996131,113.443299271805,0.454495886006977,"LA",439,16,"ILB","LB"
"135","Coty Sensabaugh",13706,0.0159720748713849,3.44614529499704,20.2645048193823,110.218228786607,0.755653199796241,"PIT",375,15,"CB","CB"
"136","Craig Robertson",1634,0.0887653276427958,4.78767796613687,11.3803987072828,113.52900190252,0.359273690802672,"NO",47,7,"OLB","LB"
"137","Cre'von LeBlanc",12853,0.0224984245610016,4.33186927674353,15.6603569744864,109.057514987146,0.538841857271633,"DET",237,8,"CB","CB"
"138","Cre'von LeBlanc",12853,0.0224984245610016,4.33186927674353,15.6603569744864,109.057514987146,0.538841857271633,"PHI",237,8,"CB","CB"
"139","Curtis Riley",2776,0.0427416770182558,4.01623749620077,18.0650471864828,109.757125656424,0.552183332293814,"NYG",175,16,"FS","S"
"140","Curtis Samuel",4,0.083744567137917,0.92289533904003,2.74277594118039,94.1647096810856,0.0214320416997164,"CAR",1,1,"WR","DL/Offensive Player"
"141","Cyrus Jones",233,0.0870898320414733,4.81861959230932,13.3711903404251,119.427467599626,0.208372275409615,"NE",8,4,"CB","CB"
"142","Cyrus Jones",233,0.0870898320414733,4.81861959230932,13.3711903404251,119.427467599626,0.208372275409615,"BAL",8,4,"CB","CB"
"143","D.J. Alexander",189,0.0729850175803353,3.0439824222566,9.29426776914561,109.752775840261,0.617373531650769,"PHI",1,1,"OLB","LB"
"144","D.J. Hayden",12211,0.0264107321842126,4.37884737060078,14.6013034818721,112.187507089615,0.591139353717245,"JAX",245,10,"CB","CB"
"145","D.J. Reed",4621,0.0225116439654083,3.98363022894328,15.0650011856578,112.251208625269,0.625092507494648,"SF",117,11,"DB","S"
"146","D.J. Swearinger",6484,0.0269858396760661,2.97764669072035,16.533873092712,101.729184937597,0.519463351455799,"WAS",294,15,"FS","S"
"147","Da'Norris Searcy",349,0.0103846532846041,5.00070998932285,16.4602791757441,110.409953869138,0.379718519737131,"CAR",15,2,"SS","S"
"148","Dallin Leavitt",10,1.04141886259934e-10,2.45207030111961,21.3031368321168,89.5264220592552,0.563725757948925,"OAK",1,1,"DB","S"
"149","Damarious Randall",4924,0.0368921660869291,3.4449257811553,16.9504304101968,109.903776846843,0.625909086103741,"CLE",208,15,"CB","CB"
"150","Damien Wilson",4717,0.0799970634458638,4.96115102199923,11.0431395218934,116.928340108508,0.444324497695125,"DAL",119,16,"OLB","LB"
"151","Damontae Kazee",1838,0.0488698733534908,4.81872886299337,17.9033457913702,120.117754500143,0.49834391549368,"ATL",115,16,"SS","S"
"152","Dane Cruikshank",43,0.181884208634232,2.91846631185197,18.3165001290055,130.148869469487,0.262588185451834,"TEN",3,2,"DB","S"
"153","Daniel Brown",31,6.54282344928044e-05,2.94462633344734,12.7638333496467,87.483390315587,0.687848033144756,"CHI",1,1,"TE","DL/Offensive Player"
"154","Daniel Sorensen",3563,0.0434036378617671,3.3683665014953,13.9278580932814,105.822203716548,0.621436369415656,"KC",120,7,"SS","S"
"155","Danny Johnson",1270,0.0503150399014574,3.60845462006736,17.9363790453333,108.257858380215,0.727246183722158,"WAS",40,5,"DB","S"
"156","Danny Trevathan",16054,0.073544836469819,4.89469260053513,11.3142841534495,115.555037526014,0.484182941524962,"CHI",471,16,"ILB","LB"
"157","Daren Bates",502,0.045656142654627,3.24262928238436,12.9777256186141,94.1261158364197,0.646795254372904,"TEN",22,5,"ILB","LB"
"158","Darian Stewart",3057,0.0488016460368954,3.95107312260807,15.0692877939735,116.547326597184,0.547635505661144,"DEN",149,12,"FS","S"
"159","Darious Williams",12,1.01648597321197e-09,7.59516181390502,17.2855345232762,127.226150612848,0.997073336824183,"LA",1,1,"CB","CB"
"160","Darius Leonard",18356,0.107345390593535,6.64943876063747,9.64970205947844,126.289165369795,0.436310340053755,"IND",455,15,"LB","LB"
"161","Darius Phillips",5273,0.03103083931902,3.98116849479769,16.3663664828643,105.501804747717,0.679096166854289,"CIN",123,10,"CB","CB"
"162","Darius Slay",14986,0.0193395885188895,2.95023554075683,19.8177780901844,109.649241970172,0.785273498206595,"DET",396,15,"CB","CB"
"163","Darqueze Dennard",17015,0.0205763329150018,4.12393283039822,14.8742345691037,114.779358420312,0.656596802134354,"CIN",363,13,"CB","CB"
"164","Darron Lee",10478,0.0529627136080936,4.15317230874309,12.7505990514827,107.993711360012,0.475895039226445,"NYJ",334,12,"ILB","LB"
"165","Darryl Roberts",8110,0.0232030223145651,3.77554288740858,20.1566158893424,110.457295453747,0.751978193438928,"NYJ",250,14,"CB","CB"
"166","Daryl Worley",7575,0.0222602251239947,3.67268317689063,19.4535915397233,115.706467854977,0.74480884394782,"OAK",204,10,"CB","CB"
"167","David Amerson",4128,0.0202369405001135,3.97854076254742,20.9549047812491,120.401399409445,0.752043449397731,"ARI",124,6,"CB","CB"
"168","David Mayo",2466,0.0850704060856392,5.2663945809823,10.083894845865,115.16473076733,0.400837437764377,"CAR",56,7,"MLB","LB"
"169","Davon House",697,0.0212244911117648,2.5063453279158,20.3896470883749,111.349108414079,0.814225540176304,"GB",18,2,"CB","CB"
"170","De'Vante Harris",2019,0.019656690574677,3.99943812449904,19.4437090250465,122.333718682962,0.80155366103147,"TB",52,5,"CB","CB"
"171","De'Vondre Campbell",13790,0.0686689141613249,4.60026941698183,12.1213498160162,114.644714337979,0.532926912091316,"ATL",404,16,"OLB","LB"
"172","Dean Marlowe",301,0.0675852912199034,2.87297197625404,14.3857530815413,111.942165686807,0.582279550617851,"BUF",8,1,"DB","S"
"173","DeAndre Hopkins",5,0.0058975992144713,0.53589380822492,3.77990824181085,47.2296617145055,0.834986266633714,"HOU",1,1,"WR","DL/Offensive Player"
"174","DeAndre Houston-Carson",837,0.0234669422358582,4.91409499950573,17.519938252791,123.397971105295,0.600604706107192,"CHI",21,8,"FS","S"
"175","Deante Burton",1284,0.0166199208855609,3.31857921719893,19.0029249720375,113.335208260738,0.671179421975853,"ATL",38,2,"CB","CB"
"176","Deante Burton",1284,0.0166199208855609,3.31857921719893,19.0029249720375,113.335208260738,0.671179421975853,"HOU",38,2,"CB","CB"
"177","Dee Ford",232,0.00125930382828985,4.18959689136698,16.4852444400068,83.8699215539394,0.547966591072615,"KC",5,5,"DE","DL/Offensive Player"
"178","Deion Jones",5965,0.0729724124397498,4.84638511208996,13.2693482478236,112.116772374858,0.491269383979823,"ATL",178,6,"MLB","LB"
"179","Deiondre' Hall",51,0.0948576963575984,5.0852938020934,7.24431880282114,126.893581885329,-0.182879142910145,"PHI",1,1,"CB","CB"
"180","Dekoda Watson",1342,0.0937065594762096,4.81347041900628,7.43659090690017,100.075747374766,0.579445942857616,"SF",41,4,"OLB","LB"
"181","Demario Davis",16358,0.107490649275253,6.06600928900297,10.4097836594817,125.528677004941,0.438163049344337,"NO",433,16,"ILB","LB"
"182","Denzel Perryman",3277,0.083743285674638,4.96809729734351,11.6776661144646,119.816253465498,0.530855431299045,"LAC",134,7,"ILB","LB"
"183","Denzel Rice",691,0.00485161664304156,4.14743273932927,17.1269945321726,107.424134308968,0.707109074930126,"CLE",19,1,"DB","S"
"184","Denzel Ward",16203,0.0185951024574031,3.87039858721677,18.6156208570343,105.074490630975,0.74482427274066,"CLE",430,13,"CB","CB"
"185","Deon Bush",874,0.0220792777110106,4.52840346681019,20.4171435391773,112.358176467845,0.558744431548021,"CHI",47,6,"SS","S"
"186","Deon Lacey",214,0.10764339070199,6.61370938384493,8.47903640584141,131.707712396608,0.40782133163416,"BUF",8,1,"OLB","LB"
"187","Deone Bucannon",4778,0.089797172417305,4.90865758552255,10.694117332064,113.310842914424,0.447313771236677,"ARI",131,10,"ILB","LB"
"188","Derek Watt",81,0.166654863887434,3.95168083576955,6.36562000122495,146.626331785702,0.896679744079995,"LAC",1,1,"FB","DL/Offensive Player"
"189","Derrick Johnson",2419,0.0730797009379948,5.54403931814814,13.0751335284668,110.828814902604,0.49021644359948,"OAK",74,6,"ILB","LB"
"190","Derrick Jones",668,0.0277394766567097,4.17286107297496,19.0388699318486,96.4204873952226,0.690891063105723,"NYJ",17,1,"CB","CB"
"191","Derrick Kindred",5329,0.0574481435322624,3.92175634719013,12.7965008712965,117.843859914446,0.600023408017558,"CLE",163,16,"SS","S"
"192","Derrick Morgan",6767,0.0908039679189282,3.65755572663304,8.06470933306619,105.609465102313,0.496657991505569,"TEN",226,13,"OLB","LB"
"193","Derwin James",16538,0.0699807765165574,5.05872332850532,11.8686894996,122.629060029695,0.505298713997534,"LAC",394,15,"SS","S"
"194","DeShawn Shead",5544,0.013311477152873,2.45843634177943,17.4604026780933,104.685881418842,0.771340349697473,"DET",149,12,"CB","CB"
"195","Deshazor Everett",615,0.0510151274375399,2.93529417487806,13.3362830393364,99.5164481926032,0.555672026548888,"WAS",27,10,"SS","S"
"196","Desmond King",20989,0.0371566595064794,4.49069444074827,13.7262596004795,115.764662922966,0.559345493165409,"LAC",407,15,"CB","CB"
"197","Desmond Trufant",18276,0.022323831842907,3.45558300447877,19.8246609760507,116.493070356428,0.782429264945149,"ATL",516,16,"CB","CB"
"198","DeVante Bausby",2638,0.0169419072614033,4.25356786942922,19.5729170171227,108.044278788214,0.793926821220437,"PHI",80,4,"CB","CB"
"199","Devante Bond",3783,0.0863640274365909,5.12677850780619,12.0451773882867,115.578987048777,0.485899675193248,"TB",73,10,"OLB","LB"
"200","Devin McCourty",7754,0.0251033854344075,3.71392791166279,16.9624796661963,109.194817467743,0.594567879561003,"NE",287,16,"FS","S"
"201","Devon Kennard",13059,0.0761724807176369,3.80336181464923,8.67295236526096,110.519845583503,0.426894693368909,"DET",371,15,"OLB","LB"
"202","Dexter McDougle",3853,0.0106183955493456,3.97146819153244,15.8837497309173,105.190218709657,0.604812447327956,"PHI",69,2,"CB","CB"
"203","Dominique Easley",823,0.050922954768031,4.31156622996726,8.53552720802769,79.9017518711814,0.685988279176064,"LA",30,3,"OLB","LB"
"204","Dominique Hatfield",126,0.00176392373335052,2.05515661725859,14.8908859000997,101.847532333383,0.64499143994303,"LA",2,1,"CB","CB"
"205","Dominique Rodgers-Cromartie",2373,0.014133998837587,4.10545265445315,21.1481629320864,117.532769443327,0.822777993117968,"OAK",61,5,"CB","CB"
"206","Dont'a Hightower",10811,0.0970222577381004,4.60828920243586,10.0808988809207,112.846729567032,0.462132987705562,"NE",345,15,"MLB","LB"
"207","Dontae Johnson",155,0.00891421369897988,2.40709490014435,14.2911458239762,121.739541115483,0.454178407181017,"BUF",5,1,"CB","CB"
"208","Donte' Deayon",2419,0.0104993361602322,3.35080759878896,17.3903543981927,111.78237904081,0.719460061536668,"NYG",61,4,"CB","CB"
"209","Donte Jackson",15080,0.0188950446799172,4.30886947004272,20.2537204453052,115.094391061063,0.765845549342705,"CAR",428,15,"CB","CB"
"210","Dorian O'Daniel",5734,0.0421507768553667,4.61003640996593,13.3891759464076,107.443217766225,0.465099961706977,"KC",187,13,"LB","LB"
"211","Doug Middleton",562,0.0450319270366812,3.43127583111721,18.6815058619128,102.59939889176,0.715643202916273,"NYJ",41,4,"S","S"
"212","Dre Kirkpatrick",14304,0.017721634162823,3.36957413423311,18.7322114123548,112.411976034192,0.802097168035225,"CIN",381,13,"CB","CB"
"213","Duke Ejiofor",2387,0.08156827511545,5.14631006895622,7.61864012756,101.874760404714,0.408752664727495,"HOU",96,12,"LB","LB"
"214","Duke Riley",5078,0.0700951928990737,4.74560337425336,12.9282170789285,109.004184439213,0.530475710279653,"ATL",187,14,"OLB","LB"
"215","Duron Harmon",1936,0.0395681589719629,3.53096022134663,15.7068527587133,109.437941534504,0.559060745511454,"NE",118,16,"FS","S"
"216","Dylan Cole",1980,0.0793170855062973,5.35735280351503,10.4594995448012,122.02054907567,0.488082002535039,"HOU",63,8,"ILB","LB"
"217","Dymonte Thomas",132,0.00735718635367985,2.4114886847366,16.3242598105546,143.583232915396,0.658781942255798,"DEN",8,2,"DB","S"
"218","E.J. Gaines",3704,0.0155585737232368,4.417265878587,19.4946885143708,108.61352306035,0.720900716995292,"CLE",104,4,"CB","CB"
"219","Earl Thomas",737,0.0387010474481033,3.77437830518145,16.9702492204933,109.84964554176,0.566009860889123,"SEA",37,3,"FS","S"
"220","Eddie Goldman",37,0.486530730265008,3.68577710947051,3.00464175767985,135.114477214916,0.469698765479661,"CHI",1,1,"NT","DL/Offensive Player"
"221","Eddie Jackson",3597,0.042554584508033,3.91704952816998,17.0699041762835,111.234388363562,0.464289626826285,"CHI",202,14,"FS","S"
"222","Eddie Pleasant",1065,0.0304604574704765,3.27266983580553,13.6316006372682,100.75542502678,0.611160700240854,"GB",39,5,"SS","S"
"223","Elandon Roberts",4880,0.0723701679795979,4.7593177348203,11.7028001155363,112.742891711806,0.470468514626064,"NE",164,16,"MLB","LB"
"224","Eli Apple",17190,0.0191166918289543,3.04368973669813,18.9403854316144,112.916054724665,0.772364610511311,"NYG",449,15,"CB","CB"
"225","Eli Apple",17190,0.0191166918289543,3.04368973669813,18.9403854316144,112.916054724665,0.772364610511311,"NO",449,15,"CB","CB"
"226","Eli Harold",2684,0.0463320546650666,3.85533436703413,9.29129823581242,94.0023567327045,0.489343048770349,"DET",92,11,"DE","DL/Offensive Player"
"227","Elijah Lee",7047,0.090659460365176,5.85302803482258,11.3875056099555,120.828375682482,0.42054827079108,"SF",208,8,"LB","LB"
"228","Emmanuel Lamur",1761,0.0575213135070917,5.1411633224049,11.8950738981226,121.415187372971,0.488219915202342,"OAK",39,7,"OLB","LB"
"229","Equanimeous St. Brown",37,1.00499181942158e-12,3.45005882594822,28.6798074043811,72.208203821665,0.887967819249558,"GB",1,1,"WR","DL/Offensive Player"
"230","Eric Berry",597,0.0488757485949733,3.87969596641761,14.9549719929935,117.288194181213,0.53836853508921,"KC",20,2,"SS","S"
"231","Eric Kendricks",12056,0.109097493179523,5.50921727637874,10.5359818466693,117.784529667784,0.438662895934381,"MIN",348,13,"MLB","LB"
"232","Eric Lee",113,0.0720541471746737,2.93336336321921,8.85448274029066,85.984847899656,0.596428043501311,"DET",7,1,"DE","DL/Offensive Player"
"233","Eric Murray",4036,0.0519795471027118,2.86795819028761,13.74327580726,114.825354833791,0.595424589087526,"KC",153,12,"FS","S"
"234","Eric Reid",4937,0.047503295036259,3.98946582588758,14.3845277816321,113.044780689918,0.512573653374629,"CAR",185,13,"SS","S"
"235","Eric Rowe",3423,0.0130927390785204,3.45222039825341,19.1032696313856,109.572732757539,0.68248030416563,"NE",78,4,"CB","CB"
"236","Eric Weddle",4592,0.0403942368132993,3.43513190237245,16.7766284057915,106.950216366368,0.568262772863231,"BAL",232,16,"FS","S"
"237","Eric Wilson",5096,0.101934625604052,5.67479843254712,10.1850398606215,118.785972482144,0.446326049726885,"MIN",138,12,"OLB","LB"
"238","Erik Harris",3357,0.0506130172369569,4.06007454046541,13.7964043112467,112.042538263092,0.532773419128673,"OAK",121,15,"SS","S"
"239","Fabian Moreau",15708,0.0189648351656259,3.26104374767587,17.4000153701858,107.496725313159,0.675768439644266,"WAS",428,16,"CB","CB"
"240","Foye Oluokun",8324,0.0671967056837498,4.80717896925547,11.8852103247192,117.764255969567,0.543579619142921,"ATL",229,16,"LB","LB"
"241","Frank Clark",14,0.162583515166032,3.6833714511954,3.94528358036656,141.088384544726,0.742845081267429,"SEA",1,1,"DE","DL/Offensive Player"
"242","Frank Zombo",374,0.0343877217710517,3.73971656025704,9.49705604939409,82.9409656603907,0.560706606011985,"KC",10,2,"OLB","LB"
"243","Frankie Luvu",7831,0.0823369617281128,4.33522896227221,9.21195014695058,110.751338626973,0.499537988289725,"NYJ",233,14,"LB","LB"
"244","Fred Warner",13835,0.0838895087709806,5.42283900808224,12.2108591314577,115.256938528594,0.464868275946412,"SF",442,15,"LB","LB"
"245","Gareon Conley",12124,0.0168076867628941,2.91849724678344,18.6786709293129,111.578090577334,0.771885999650455,"OAK",317,14,"CB","CB"
"246","Genard Avery",12256,0.0970408085249505,4.79526117258593,8.58962600733267,108.277751647758,0.516971449065495,"CLE",366,16,"LB","LB"
"247","Geneo Grissom",325,0.0483446976322174,3.86714403807281,8.83026467873577,86.7120249955955,0.453342481462662,"NE",12,1,"DE","DL/Offensive Player"
"248","George Iloka",687,0.0298916543733694,5.6686463399271,14.9585996179602,124.746817272174,0.599805796972401,"MIN",29,5,"FS","S"
"249","George Odum",1563,0.0786286057225022,4.54125580880346,12.2790390482551,116.882912115377,0.356961917217155,"IND",60,7,"FS","S"
"250","Gerald Hodges",4563,0.0949733985685982,5.715325032351,12.5866009331774,112.786246368544,0.389696292359067,"ARI",150,9,"ILB","LB"
"251","Geremy Davis",93,0.085834732316648,2.02416277272584,9.11795819075135,124.135745501187,0.802141291739592,"LAC",1,1,"WR","DL/Offensive Player"
"252","Glover Quin",4464,0.0301495081082059,3.17249198963125,18.6033988303555,105.571853630652,0.578606409209669,"DET",193,16,"FS","S"
"253","Grant Haley",9595,0.0142593730791225,3.18865110783427,15.784695404616,105.192219209591,0.649305181004165,"NYG",223,10,"CB","CB"
"254","Greg Mabin",1891,0.0285297042824637,2.61839528144158,17.3858007498403,106.4730096135,0.787219733569664,"SF",62,7,"CB","CB"
"255","Greg Stroman",6992,0.019686378573059,3.45126316648801,17.5374498944129,106.525178397183,0.664228087656052,"WAS",215,12,"DB","S"
"256","Ha Ha Clinton-Dix",3146,0.050910597186727,3.3450188855066,16.978947650261,108.755117483108,0.54636313360761,"GB",189,16,"FS","S"
"257","Ha Ha Clinton-Dix",3146,0.050910597186727,3.3450188855066,16.978947650261,108.755117483108,0.54636313360761,"WAS",189,16,"FS","S"
"258","Haason Reddick",15773,0.0859240314377717,5.12036658918851,10.7700443391505,116.718884661165,0.45919757484873,"ARI",368,16,"ILB","LB"
"259","Hardy Nickerson",7057,0.0880452267432735,4.93640602286723,11.2118745710074,118.149167847805,0.496207370946389,"CIN",233,14,"MLB","LB"
"260","Harold Landry",8970,0.0807079481297247,3.97991040029357,8.38730889260805,101.185143622543,0.523022231477295,"TEN",310,15,"OLB","LB"
"261","Harrison Smith",6957,0.0510049678263587,3.98681764631121,14.3374339255368,118.506218708443,0.581899211396894,"MIN",244,15,"FS","S"
"262","Hayes Pullard",847,0.0716934947745007,5.18489082123195,11.5260160846466,116.211717325057,0.383489522624739,"LAC",28,6,"MLB","LB"
"263","Holton Hill",5199,0.0113877352025755,3.48071400605317,20.3644839650471,112.140146873681,0.816496753882256,"MIN",144,12,"CB","CB"
"264","Ibraheim Campbell",594,0.0303046024506622,3.11564044319107,17.2419989162336,115.39303452527,0.615374430437804,"GB",26,3,"FS","S"
"265","Isaac Yiadom",5030,0.0256944187621248,2.98359400651568,19.3242253854678,108.94665676986,0.748118620363364,"DEN",152,10,"DB","S"
"266","Isaiah Irving",2530,0.0711755546865747,4.37731206647578,8.83904057135955,100.587680389611,0.571012231490199,"CHI",69,9,"LB","LB"
"267","Isaiah Johnson",2197,0.0449482625345382,3.34943824761535,14.7617940465831,114.281963984825,0.604303336849376,"LA",93,13,"DB","S"
"268","Isaiah Johnson",2197,0.0449482625345382,3.34943824761535,14.7617940465831,114.281963984825,0.604303336849376,"LA",93,13,"S","S"
"269","Isaiah Johnson",2197,0.0449482625345382,3.34943824761535,14.7617940465831,114.281963984825,0.604303336849376,"TB",93,13,"DB","S"
"270","Isaiah Johnson",2197,0.0449482625345382,3.34943824761535,14.7617940465831,114.281963984825,0.604303336849376,"TB",93,13,"S","S"
"271","Isaiah Oliver",5418,0.025324184160386,2.99911714678329,18.8633833027515,109.223921588773,0.765355789058552,"ATL",152,11,"CB","CB"
"272","J.C. Jackson",8545,0.0145245725185675,2.86580980074829,19.3621638565024,107.227086570004,0.791005891219386,"NE",225,13,"DB","S"
"273","J.J. Watt",15,0.0808784437103315,1.50021618608127,5.1942188300669,116.091312598008,0.381460699606662,"HOU",1,1,"DE","DL/Offensive Player"
"274","J.J. Wilcox",1474,0.0637573682941286,5.78961753565436,12.0647973093487,119.394779425655,0.541121404665812,"NYJ",36,7,"FS","S"
"275","J.J. Wilcox",1474,0.0637573682941286,5.78961753565436,12.0647973093487,119.394779425655,0.541121404665812,"IND",36,7,"FS","S"
"276","Ja'Whaun Bentley",2133,0.0797816899122646,3.96917586923293,12.2735168282635,111.287936421901,0.508695078014595,"NE",64,3,"LB","LB"
"277","Jabrill Peppers",9099,0.0502509017184877,3.47241115311559,12.8595967302462,109.608512576789,0.612053345636143,"CLE",273,16,"FS","S"
"278","Jack Cichy",87,0.106522248374567,2.26526102686836,9.80628938244203,102.650340811341,0.738041649074562,"TB",2,1,"LB","LB"
"279","Jadeveon Clowney",464,0.0803100823303833,6.32977882043408,11.3480619516061,111.400579326073,0.478356836908559,"HOU",16,9,"DE","DL/Offensive Player"
"280","Jahleel Addae",3371,0.0579138268694201,4.26553978712961,16.3423336565008,113.751596872393,0.496008994102112,"LAC",177,15,"SS","S"
"281","Jaire Alexander",14149,0.0229496394478659,3.0607937862536,18.1986758855932,109.575947397344,0.735951942273418,"GB",370,13,"CB","CB"
"282","Jalen Davis",1165,0.0323538849690778,4.21827942875513,16.4085680227887,100.964691159268,0.637516596749026,"MIA",24,3,"CB","CB"
"283","Jalen Mills",7889,0.0278852133458923,4.48484695877367,18.8978914403886,120.011444905923,0.734060222551334,"PHI",243,8,"CB","CB"
"284","Jalen Ramsey",16565,0.0216813234986701,3.57027021278095,19.225262082679,116.021637991931,0.798222333396717,"JAX",447,16,"CB","CB"
"285","Jalen Reeves-Maybin",1166,0.0277434951374259,3.00467917579233,15.3800253486669,93.9530823046564,0.615485657961441,"DET",47,8,"OLB","LB"
"286","Jamal Adams",11688,0.0343747454207909,3.72650177026766,15.1106807201024,110.95244510893,0.554767459050834,"NYJ",375,16,"SS","S"
"287","Jamal Agnew",2409,0.0194762863607561,2.81052428659177,17.3952142310235,104.779822984189,0.723762201092728,"DET",62,5,"CB","CB"
"288","Jamar Taylor",4177,0.0269063638425966,3.8353048266991,18.75908545703,116.630742191526,0.715532048375988,"ARI",133,11,"CB","CB"
"289","Jamar Taylor",4177,0.0269063638425966,3.8353048266991,18.75908545703,116.630742191526,0.715532048375988,"DEN",133,11,"CB","CB"
"290","James Bradberry",16321,0.0224881728653908,3.99664451299587,19.6315308521947,119.993453186003,0.756221910729359,"CAR",478,16,"CB","CB"
"291","James Burgess",726,0.0735617328498184,4.40359810216264,10.3300979671929,109.829414909884,0.548308441834255,"CLE",25,3,"OLB","LB"
"292","Jamie Collins",14017,0.0878792985525445,4.95481748003118,11.3277883115776,114.715250228003,0.476429219993585,"CLE",453,16,"OLB","LB"
"293","Janoris Jenkins",16977,0.0183769546591497,3.56863632472558,20.4886662107472,112.942299533337,0.776940211474516,"NYG",492,16,"CB","CB"
"294","Jaquiski Tartt",5588,0.0632327251099736,4.838916563226,13.2725446316269,119.303717688711,0.519899872809067,"SF",144,7,"FS","S"
"295","Jarrad Davis",8305,0.0573346309500804,3.97052055992625,13.6763069605636,100.704584181278,0.415707536079046,"DET",354,16,"MLB","LB"
"296","Jarrod Wilson",1735,0.0718240683548637,4.4472269687548,12.3143063352487,118.449539574887,0.54207676264792,"JAX",49,9,"SS","S"
"297","Jason Cabinda",1062,0.0671259269384089,5.20312408955913,10.4776968741041,115.161780452276,0.441146953319641,"OAK",43,10,"LB","LB"
"298","Jason McCourty",17355,0.0169543785156533,3.14421864388822,18.1023147247207,112.597829875625,0.724638846619844,"NE",446,16,"CB","CB"
"299","Jatavis Brown",8769,0.0908243487224517,4.85458273159749,12.6759128431189,114.550895170428,0.502022500181535,"LAC",301,14,"OLB","LB"
"300","Javien Elliott",9371,0.0249308659520582,4.87872134684969,14.764679261202,111.079172650773,0.594425412454646,"TB",200,11,"CB","CB"
"301","Jaylon Smith",12343,0.0869453824814536,5.49933316587627,11.1111645056114,121.271096524736,0.463557083465603,"DAL",420,16,"MLB","LB"
"302","Jayon Brown",8603,0.0386381240401586,3.42671500730074,14.9860551781802,100.002250950571,0.540530885066121,"TEN",354,16,"ILB","LB"
"303","Jayron Kearse",3667,0.0339467452732068,4.57334354478534,14.5504043410367,111.51227055932,0.587719895218889,"MIN",76,11,"SS","S"
"304","Jeff Heath",10052,0.0577693184471565,4.60210064581347,12.1343332133924,125.207771577122,0.489169348142064,"DAL",268,16,"SS","S"
"305","Jeff Holland",530,0.0989897002815855,4.13397953035972,6.84622745690769,112.561553392782,0.631386852311541,"DEN",16,3,"LB","LB"
"306","Jeff Richards",39,1.68219800003694e-11,1.5884843796726,22.1419510125491,68.9601325143133,0.918221578984008,"LAC",1,1,"CB","CB"
"307","Jeremiah Attaochu",40,2.93070720291712e-05,3.34870439374306,15.5845289990134,65.7887377689718,0.152769124074277,"NYJ",1,1,"OLB","LB"
"308","Jeremy Reaves",21,4.19163946465283e-05,3.44949871642546,11.5282002590353,108.363545509548,0.529095888639252,"WAS",1,1,"DB","S"
"309","Jermaine Carter",1860,0.0577133366772881,5.21402646695073,12.5941412660789,118.23552645848,0.499683783239749,"CAR",40,6,"LB","LB"
"310","Jermaine Whitehead",2997,0.0379189256186185,3.56998378077592,15.8509400013029,103.980885777066,0.603719469818667,"GB",108,8,"FS","S"
"311","Jermaine Whitehead",2997,0.0379189256186185,3.56998378077592,15.8509400013029,103.980885777066,0.603719469818667,"CLE",108,8,"FS","S"
"312","Jerome Baker",14967,0.073389112037304,5.6469567423624,10.9193530544989,122.028510253429,0.421908973852805,"MIA",321,16,"LB","LB"
"313","Jessie Bates",3808,0.0453800883027274,3.74703078785529,17.2379840543965,112.744997440629,0.50800694843823,"CIN",218,16,"S","S"
"314","Jimmie Ward",4882,0.0171829264916199,3.13935407396825,18.9770653165318,111.664186484005,0.727739759517182,"SF",147,8,"FS","S"
"315","Jimmy Smith",11658,0.0166873816090694,2.96182822041158,20.2580944953039,106.683771941255,0.767955281177293,"BAL",302,12,"CB","CB"
"316","Joe Haden",17564,0.0184839294008275,3.34514578696779,19.738406335428,106.786341230673,0.784898789759139,"PIT",457,15,"CB","CB"
"317","Joe Jones",249,0.0666698045052855,3.9064146901121,8.95624323799211,118.430498884079,0.434070734391992,"DEN",11,2,"LB","LB"
"318","Joe Schobert",7755,0.0749197806993415,3.87423647089393,12.8296949185508,105.271128320211,0.532123013423138,"CLE",340,13,"MLB","LB"
"319","Joe Thomas",1014,0.110954955414797,5.46963624643405,9.8602954886967,132.412057369159,0.488365823138387,"DAL",32,6,"ILB","LB"
"320","Joe Webb",6,8.41075690233807e-08,1.11701931565865,14.2716633020121,37.4073605553377,0.613050916353009,"HOU",1,1,"QB","DL/Offensive Player"
"321","Joel Iyiegbuniwe",536,0.0374772282524844,3.934599182572,15.280754458181,93.79931521456,0.506413704066026,"CHI",18,4,"LB","LB"
"322","John Johnson",6259,0.0506085529390962,3.61232053893234,15.4646033604349,110.309930292157,0.553267549600157,"LA",258,16,"SS","S"
"323","John Simon",124,0.049857386006573,2.81454202452225,10.9855683297026,102.973249726275,0.694130614097241,"NE",6,4,"DE","DL/Offensive Player"
"324","Johnathan Joseph",13893,0.0196675005446571,4.2096647888366,19.9383421460304,117.772435585299,0.722716956872237,"HOU",396,14,"CB","CB"
"325","Johnson Bademosi",667,0.00596860763041889,4.16925014005713,17.747243139479,119.465236866993,0.775947857424265,"HOU",16,4,"CB","CB"
"326","Jon Bostic",4631,0.0680971754688344,3.21915504724614,12.085184287131,103.713306065409,0.578290890459712,"PIT",194,15,"ILB","LB"
"327","Jonathan Jones",12780,0.0233434835972509,3.78310534558124,16.5680518581743,111.463722043695,0.676200630677449,"NE",312,16,"CB","CB"
"328","Jordan Dangerfield",110,5.2902040899334e-07,3.62060072025076,17.1777253093885,108.93010878388,0.476812730081603,"PIT",4,3,"S","S"
"329","Jordan Evans",8863,0.0689882681441779,5.27897310300288,11.0168340782885,119.296400164876,0.439275451704878,"CIN",203,14,"OLB","LB"
"330","Jordan Hicks",11110,0.120682612970707,6.60783254759577,11.0029012636395,120.490607131252,0.459792590728332,"PHI",351,12,"MLB","LB"
"331","Jordan Jenkins",10291,0.0932214499136568,4.23961490318169,8.56179654797516,109.387434833703,0.504693601255239,"NYJ",297,16,"OLB","LB"
"332","Jordan Lucas",2257,0.024502142583813,2.84215623577201,15.000796011626,107.435794478173,0.649714722413808,"KC",75,7,"FS","S"
"333","Jordan Poyer",4733,0.0456686199943126,4.04982437722292,15.2859788124995,117.755132030517,0.528153502058537,"BUF",208,16,"FS","S"
"334","Jordan Richards",5536,0.0442552217854629,4.20153484807112,13.9849035492378,118.084801028849,0.573286915798786,"ATL",178,15,"SS","S"
"335","Jordan Whitehead",5307,0.0395832973098001,3.7478637245517,13.8977560153079,114.623100010123,0.546146800144195,"TB",184,15,"DB","S"
"336","Josey Jewell",4992,0.0926939571316244,4.31341911471845,10.7573199886003,113.930314206613,0.40554647892966,"DEN",160,15,"LB","LB"
"337","Josh Bellamy",23,4.14938030812132e-10,2.65393204322654,26.0203883942733,97.0896555395949,0.989819988683352,"CHI",1,1,"WR","DL/Offensive Player"
"338","Josh Bynes",7525,0.082310045191847,4.53881554245503,12.3506703164139,107.239484567012,0.492069493550332,"ARI",276,11,"ILB","LB"
"339","Josh Harvey-Clemons",2784,0.0415831881991037,3.63911930781271,14.4900538705259,101.977428618132,0.49178163408995,"WAS",111,13,"ILB","LB"
"340","Josh Hawkins",113,1.56644992472641e-05,5.22060380975734,22.7682395155856,130.780315728845,0.884725674078789,"CAR",4,1,"CB","CB"
"341","Josh Jackson",13871,0.0214792054458047,3.03704690230153,17.7029723662917,109.837945567406,0.742339557745466,"GB",360,16,"CB","CB"
"342","Josh Jones",4467,0.0343800954011241,3.04921680186376,16.0135828197374,101.866052344716,0.518894889882336,"GB",187,11,"SS","S"
"343","Josh Keyes",430,0.03941788095952,5.5839190062996,13.1073536862203,109.66350389231,0.573584951682011,"HOU",14,1,"OLB","LB"
"344","Josh Martin",349,0.0940952277229208,3.81768558421191,9.31242991785713,114.419086917539,0.433589206483863,"NYJ",9,1,"OLB","LB"
"345","Josh Norman",16837,0.0154033428250767,3.07210219586057,19.6644538030536,115.66850590844,0.789078233252526,"WAS",481,16,"CB","CB"
"346","Josh Robinson",788,0.00710331258667154,4.26034454574053,13.6708908373485,110.576168634842,0.666019424168385,"NO",17,3,"CB","CB"
"347","Josh Shaw",1005,0.0464532710640966,3.12742104810028,12.577314476957,120.593976461707,0.595522713339804,"KC",32,5,"CB","CB"
"348","Josh Shaw",1005,0.0464532710640966,3.12742104810028,12.577314476957,120.593976461707,0.595522713339804,"TB",32,5,"CB","CB"
"349","Joshua Holsey",353,0.0282799448071918,3.81287686675481,18.3694490580384,93.0819877172216,0.590097162540252,"WAS",12,1,"CB","CB"
"350","Jourdan Lewis",5733,0.024400902202952,4.94399085119085,14.0285075821764,118.197226801987,0.560068908273158,"DAL",121,11,"CB","CB"
"351","Julian Stanford",1030,0.0699171989774775,5.48159169324645,13.165067970467,106.826165670258,0.376674927886683,"BUF",33,5,"ILB","LB"
"352","Julio Jones",17,0.185706253248619,0.791550427660227,2.75480746325225,106.649495921974,0.95065931947117,"ATL",2,2,"WR","DL/Offensive Player"
"353","Justin Coleman",19831,0.0317232283683478,4.26260078843136,13.5850285401941,114.504067638123,0.571326298248895,"SEA",381,15,"CB","CB"
"354","Justin Evans",2617,0.0380634667753167,3.6558763661577,17.0921481022441,110.478287252327,0.502707229905189,"TB",111,10,"SS","S"
"355","Justin Hardee",1707,0.036274830267513,3.26741887086532,18.6445718755235,107.057830867617,0.781522904851807,"NO",43,4,"DB","S"
"356","Justin Houston",11647,0.0943254883902672,4.47935398329073,9.04969050956239,110.609475738534,0.4988738960492,"KC",329,11,"DE","DL/Offensive Player"
"357","Justin Jackson",28,1.83093928831517e-08,2.04333709496564,15.1382484634167,34.3453620752642,0.964264274970322,"LAC",1,1,"RB","DL/Offensive Player"
"358","Justin Lawler",429,0.0642189003882074,4.11024554301838,12.3325346759903,106.271832649049,0.385848022009121,"LA",9,4,"DE","DL/Offensive Player"
"359","Justin Reid",4945,0.0471496332030122,3.57626417550343,16.6970863982956,110.062926670287,0.540222684910067,"HOU",216,16,"SS","S"
"360","Justin Simmons",9587,0.0259583494757703,3.59050068610355,15.9445349114775,106.491102338947,0.572129371056823,"DEN",321,15,"SS","S"
"361","K'Waun Williams",14905,0.0229896031494843,4.49556683057346,15.5195749924185,117.912988164629,0.60191229115849,"SF",317,13,"CB","CB"
"362","K.J. Wright",4818,0.0751502662710839,5.89789637369055,11.6755069307718,121.662992340202,0.452871557284412,"SEA",117,5,"OLB","LB"
"363","Kam Moore",37,3.17420672204501e-11,1.59167774618414,29.0389888840794,45.7650631991012,0.945008568031799,"NYG",2,2,"DB","S"
"364","Kamalei Correa",4386,0.0833869292426355,4.01800305256379,8.75995326176084,112.818921944713,0.492408154717505,"TEN",142,13,"ILB","LB"
"365","Kamu Grugier-Hill",5241,0.111643640882091,6.45074340518619,9.85386223652417,123.754751151136,0.459479146000258,"PHI",141,16,"OLB","LB"
"366","Kareem Jackson",15193,0.0237877029715115,4.28206924719625,18.1434271709787,113.212000201725,0.683743130275827,"HOU",426,16,"CB","CB"
"367","Kareem Martin",7908,0.0983330846835573,3.98373066380619,8.57866020713703,107.957435920272,0.470536906522126,"NYG",255,16,"OLB","LB"
"368","Karl Joseph",3059,0.0434375116206172,4.06847047094921,12.9443258863541,119.821470967138,0.500432163046577,"OAK",112,11,"SS","S"
"369","Kasim Edebali",10,0.53746189381616,6.517662018547,2.16747691284135,165.287016598149,0.753187487011131,"CIN",1,1,"OLB","LB"
"370","Kavon Frazier",1670,0.0759842146674489,5.01413505733937,12.9732055510063,126.304339665247,0.45014995956974,"DAL",49,5,"SS","S"
"371","Kayvon Webster",210,0.00458800882220477,3.25622595195734,19.9752461939738,89.7419424633425,0.87445094227736,"HOU",6,2,"CB","CB"
"372","Keanu Neal",505,0.012924589947249,5.09184353594788,13.8791408574844,118.310499366459,0.616712215847328,"ATL",16,1,"FS","S"
"373","Keion Crossen",1419,0.0179902755632965,2.76902851856035,16.3278978908999,99.0189082007057,0.720398563292564,"NE",33,6,"DB","S"
"374","Keishawn Bierria",224,0.00133904507378802,4.48833796172053,16.3983281225989,82.9967153958969,0.602924335865467,"DEN",5,2,"LB","LB"
"375","KeiVarae Russell",2393,0.0244758101457806,3.22830220587243,18.6444514113753,119.190875128219,0.771202188384709,"CIN",70,6,"CB","CB"
"376","Kelvin Sheppard",101,0.0455662911987508,4.90468566743637,18.1752011112235,97.9326620913363,0.26520280933694,"DET",3,1,"MLB","LB"
"377","Kemal Ishmael",518,0.0570311084948104,4.97999546164663,12.2116863951236,117.037426143428,0.526038654445021,"ATL",20,8,"FS","S"
"378","Ken Crawley",8221,0.0266193131742266,3.51378092174263,19.1552729048133,114.730415271185,0.722923836825191,"NO",223,9,"CB","CB"
"379","Kendall Fuller",22632,0.0224556469673465,3.71875661778819,15.8781092197283,110.639493427602,0.621641187902375,"KC",532,14,"CB","CB"
"380","Kendrick Lewis",1168,0.022953885618637,3.25393264574653,17.6993890188703,107.267493730693,0.600036917287709,"TEN",66,6,"FS","S"
"381","Kenneth Durden",56,0.0441936058296852,4.51245666943181,16.3478198785826,164.467557413325,0.78765784559229,"TEN",3,1,"CB","CB"
"382","Kenny Ladler",121,0.0308903099880206,3.36656709562187,14.9721167131011,92.4507670987626,0.583739596873699,"NYG",9,2,"S","S"
"383","Kenny Vaccaro",4046,0.0225860978620177,3.25920790755987,16.8573104162004,102.555124117196,0.556638702049635,"TEN",164,13,"SS","S"
"384","Kenny Young",3459,0.067347990922263,3.42759054554812,13.3027397523893,102.080162317893,0.542813526983799,"BAL",157,16,"LB","LB"
"385","Kentrell Brice",3472,0.0337070710886483,3.38929317889414,17.4354628472639,111.655264153538,0.513965796182267,"GB",168,14,"SS","S"
"386","Kentrell Brothers",65,0.027438492329903,5.90994201549225,10.119031070371,134.657152515713,0.442750679359192,"MIN",2,2,"MLB","LB"
"387","Kevin Byard",5491,0.0251174610722836,2.98289387277749,16.2413545126228,105.260506310477,0.590563337349706,"TEN",263,16,"FS","S"
"388","Kevin Johnson",1028,0.0132714804105704,4.77961978929362,19.714756227475,120.923493048432,0.739373335430424,"HOU",36,1,"CB","CB"
"389","Kevin King",4537,0.021866818178437,3.07925252333281,18.7091433634546,107.743091815811,0.770962297110812,"GB",136,6,"CB","CB"
"390","Kevin Minter",118,0.112016475421242,4.67648566527858,9.36733523022728,119.383486572413,0.513138148526814,"TB",6,4,"MLB","LB"
"391","Kevin Pierre-Louis",850,0.0780892209448403,3.74645888447787,13.7761679536204,102.098968653967,0.479697177592804,"NYJ",23,5,"ILB","LB"
"392","Kevin Toliver",2983,0.0186014340462881,3.96413297310295,20.9043724632873,112.629816451797,0.793989759433509,"CHI",86,10,"DB","S"
"393","Kiko Alonso",13899,0.0799481793408905,5.75214833161193,11.7103440710041,118.780936327561,0.469960654685025,"MIA",406,15,"OLB","LB"
"394","Korey Toomer",137,0.0771946131134271,3.91898479001599,11.7354049899891,109.611741209332,0.293637427298237,"GB",6,3,"MLB","LB"
"395","Kurt Coleman",3765,0.031672383482296,3.90565273090852,13.7661044625358,108.679468376484,0.47732059071618,"NO",119,15,"SS","S"
"396","Kwon Alexander",5577,0.0915358190005723,5.1987712472878,11.1150423909394,115.724856387064,0.410622700259201,"TB",194,6,"MLB","LB"
"397","Kyle Emanuel",3187,0.0929393075372178,6.02499043563538,9.24368936820032,125.767692380953,0.451585244927012,"LAC",74,12,"OLB","LB"
"398","Kyle Fuller",18504,0.0183854646323817,3.69341872542805,20.539538807107,119.189849893283,0.755283001632723,"CHI",508,16,"CB","CB"
"399","Kyle Van Noy",18302,0.0884756389989626,5.30126905453674,9.92077799726002,117.19299996223,0.457088913487936,"NE",462,16,"OLB","LB"
"400","Kyle Wilber",661,0.0803376398033878,3.92276441244891,7.90335806573167,99.0548236531304,0.578754099715475,"OAK",27,3,"OLB","LB"
"401","Kyler Fackrell",10193,0.0680385729798462,3.9458608983946,9.24362341482447,104.203778443221,0.485233454804014,"GB",282,16,"OLB","LB"
"402","Kylie Fitts",965,0.0569989881914722,4.06038885838122,8.27001822636417,94.921118271021,0.536375045088669,"CHI",37,4,"LB","LB"
"403","Kyzir White",1424,0.0775127446463114,6.00645753449232,11.5358454948517,118.071248076425,0.46832861557357,"LAC",35,2,"LB","LB"
"404","L.J. Fort",3522,0.0698541523310455,4.06180501925753,13.8258194997705,98.0867021253885,0.551503720404855,"PIT",145,11,"ILB","LB"
"405","Lafayette Pitts",1635,0.0219181240627483,4.81571609705499,19.2358468680386,122.072027668935,0.781597737467177,"BUF",45,4,"CB","CB"
"406","Lamarcus Joyner",3392,0.0436986523184998,3.70164433519105,17.1943231623738,106.644235405163,0.549450929096906,"LA",183,15,"FS","S"
"407","Landon Collins",7515,0.0327871319008746,3.56965732908191,15.6071451035524,101.577385861444,0.585067283834359,"NYG",288,12,"SS","S"
"408","LaRoy Reynolds",358,0.0863573246929737,2.4746674437716,9.36566369323664,121.037065477239,0.750976608726279,"PHI",4,4,"MLB","LB"
"409","Lavonte David",19597,0.0810947849708158,5.723720319125,10.8201015411436,121.539813683572,0.418672558503833,"TB",442,14,"OLB","LB"
"410","Leighton Vander Esch",13747,0.0930371291825008,6.65057242639828,10.6965393466607,126.320769915678,0.437133907455802,"DAL",373,16,"LB","LB"
"411","Lenzy Pipkins",1593,0.00763881299795168,4.98550312559615,14.6356088821923,118.532651523438,0.602556883449301,"IND",42,1,"CB","CB"
"412","Leon Hall",9258,0.0241285605997696,4.10881827787018,14.7999232984518,111.873543698259,0.638237536305895,"OAK",189,10,"CB","CB"
"413","Leon Jacobs",2415,0.0531833292857922,4.97744294468148,10.6176931063933,124.459796124452,0.444026112993696,"JAX",47,12,"LB","LB"
"414","Leonard Floyd",17070,0.0736850680745157,4.5636574086559,9.02496405817858,106.28314615449,0.491565947435432,"CHI",425,16,"OLB","LB"
"415","Leonard Johnson",2310,0.0417923089596359,4.25458570089674,14.0713444938413,102.493883772689,0.638586275603252,"ARI",51,3,"CB","CB"
"416","Leonard Williams",12,0.00556043625813381,2.1364562489072,5.37566374882767,82.5740396365007,0.0925645351440011,"NYJ",1,1,"DE","DL/Offensive Player"
"417","Lerentee McCray",1209,0.111117521594752,4.43588835124536,8.42979251348133,106.534463114109,0.557453097362078,"JAX",40,7,"DE","DL/Offensive Player"
"418","LeShaun Sims",3864,0.0254674449182086,3.57509774161168,17.5657389623298,107.874621796262,0.692268926569956,"TEN",105,11,"CB","CB"
"419","Levi Wallace",6455,0.00878309625010483,3.55245154863906,19.2138199437072,116.450510107977,0.735843056499646,"BUF",178,7,"CB","CB"
"420","Logan Ryan",15425,0.0166089615134663,3.27864796144564,16.487629750124,104.509494764511,0.664948590828469,"TEN",408,14,"CB","CB"
"421","Lorenzo Alexander",11637,0.0953855712244833,5.36466678237389,8.62221329043243,113.951698075399,0.439378776187373,"BUF",293,16,"OLB","LB"
"422","Lorenzo Carter",6921,0.0830437988409476,3.62883389792451,8.17852717419871,101.271212958633,0.517246768821307,"NYG",243,15,"OLB","LB"
"423","Luke Kuechly",12505,0.110377846328019,5.54560960334934,10.9748132288553,116.29224256689,0.420327715717596,"CAR",422,16,"MLB","LB"
"424","M.J. Stewart",9073,0.0271985345323747,3.87221991789103,13.9757797137338,108.245367015469,0.63966879350021,"TB",184,7,"CB","CB"
"425","Mackensie Alexander",13646,0.0262569372086872,4.15941248492477,14.7060848229503,111.880188506091,0.620953467956285,"MIN",284,15,"CB","CB"
"426","Malcolm Butler",15596,0.0203085699392825,2.81060288345584,19.5478720876335,108.948845099558,0.798056786607583,"TEN",413,16,"CB","CB"
"427","Malcolm Jenkins",20567,0.0469332582192262,4.94042529661626,13.3597315563534,113.991055355775,0.51103419066979,"PHI",507,16,"SS","S"
"428","Malcolm Smith",5356,0.0833403095110856,5.8653304108965,11.1402422740588,119.939309504481,0.45291949958216,"SF",146,12,"OLB","LB"
"429","Malik Hooker",1264,0.0455888309643429,5.11206814526009,19.0120918368679,127.753276925169,0.461326201744939,"IND",111,14,"FS","S"
"430","Malik Jefferson",161,0.0138656473790923,3.75285597269803,9.87610893304336,101.581262446939,0.362697216484972,"CIN",3,2,"LB","LB"
"431","Manti Te'o",1323,0.103674842022615,4.34624865556685,12.007491258754,115.285244405101,0.460631917692667,"NO",52,5,"MLB","LB"
"432","Marcell Harris",4979,0.0631566085709952,5.11686161262479,13.2466968402855,116.159918005962,0.461130432092769,"SF",119,6,"FS","S"
"433","Marcus Allen",415,0.0384821881377326,3.0387966057887,14.6863266555276,98.1220834785843,0.725292104399552,"PIT",13,2,"DB","S"
"434","Marcus Cooper",1037,0.00961906355899948,2.88917105125336,21.5643400013834,106.647085071325,0.767147837546271,"CHI",25,4,"CB","CB"
"435","Marcus Cooper",1037,0.00961906355899948,2.88917105125336,21.5643400013834,106.647085071325,0.767147837546271,"DET",25,4,"CB","CB"
"436","Marcus Gilchrist",8232,0.0389708037303711,4.06151734230267,15.3106238007442,115.749943736274,0.565136856460472,"OAK",259,16,"FS","S"
"437","Marcus Maye",1084,0.0329550722508414,3.39496444589042,17.2905219627729,114.563709367739,0.589600938911047,"NYJ",67,6,"FS","S"
"438","Marcus Peters",12894,0.0238439053248595,3.97113929788122,19.6822832451687,114.589340491301,0.732994027819671,"LA",400,16,"CB","CB"
"439","Marcus Sherels",460,0.00482261337404868,5.28360842276034,20.9292756435481,121.875049541006,0.878089314225697,"MIN",13,2,"CB","CB"
"440","Marcus Williams",3225,0.0407529760735674,4.0683377954119,18.850007562607,118.138394214225,0.585098587989957,"NO",152,19,"FS","S"
"441","Marcus Williams",3225,0.0407529760735674,4.0683377954119,18.850007562607,118.138394214225,0.585098587989957,"NO",152,19,"CB","CB"
"442","Marcus Williams",3225,0.0407529760735674,4.0683377954119,18.850007562607,118.138394214225,0.585098587989957,"TB",152,19,"FS","S"
"443","Marcus Williams",3225,0.0407529760735674,4.0683377954119,18.850007562607,118.138394214225,0.585098587989957,"TB",152,19,"CB","CB"
"444","Marcus Williams",3225,0.0407529760735674,4.0683377954119,18.850007562607,118.138394214225,0.585098587989957,"CHI",152,19,"FS","S"
"445","Marcus Williams",3225,0.0407529760735674,4.0683377954119,18.850007562607,118.138394214225,0.585098587989957,"CHI",152,19,"CB","CB"
"446","Mark Barron",7183,0.059150183249635,4.64888378153862,12.5843365672402,109.408498271798,0.460369313472105,"LA",215,12,"ILB","LB"
"447","Mark Nzeocha",2635,0.081502709734813,6.67669173207522,12.0529040507577,126.74763216618,0.431233755829115,"SF",49,8,"MLB","LB"
"448","Marlon Humphrey",14753,0.0177605377966619,2.85974735063253,19.7467958511584,108.190895713532,0.807582756282868,"BAL",393,14,"CB","CB"
"449","Marquel Lee",5028,0.119941143256299,5.4005863500009,9.20877485304684,126.895261753114,0.416457762126941,"OAK",152,16,"MLB","LB"
"450","Marqui Christian",7601,0.0311042753529011,3.78403231483321,13.9765039805586,110.484393856228,0.590459559141249,"LA",212,16,"SS","S"
"451","Marquis Flowers",106,0.071677112915326,3.11224949992551,13.4547403753277,103.901268960529,0.392879990130038,"DET",3,1,"OLB","LB"
"452","Marquis Haynes",1011,0.0838285180871908,4.67402658160896,9.55300914233179,107.808679119125,0.47176416116167,"CAR",27,4,"DE","DL/Offensive Player"
"453","Marshon Lattimore",18603,0.0163367037596206,3.3971497626689,19.1516565840935,108.732623328097,0.756400464278191,"NO",477,16,"CB","CB"
"454","Mason Foster",9363,0.0553614151432746,3.52498935692298,12.6734788708631,102.815402278627,0.445322320539672,"WAS",390,16,"ILB","LB"
"455","Matt Judon",10145,0.055986553474635,3.74641267835617,9.56159139110743,102.049490019236,0.52792001201261,"BAL",331,16,"OLB","LB"
"456","Matt Longacre",4473,0.115067017698364,4.85199328615843,8.22795658614445,109.542538636552,0.559680572492488,"LA",116,13,"OLB","LB"
"457","Matt Milano",12948,0.0694265211177442,5.28412122429332,11.2316735141287,116.452609479057,0.452935382344196,"BUF",330,13,"OLB","LB"
"458","Matthew Adams",2893,0.073660805731544,5.46107910102065,13.1900602862167,114.061040734169,0.559492706309986,"IND",75,12,"ILB","LB"
"459","Matthew Thomas",46,0.164016388574987,2.12108945113138,4.79346009173585,133.434560391989,0.455613753474892,"PIT",3,1,"LB","LB"
"460","Matthias Farley",1462,0.038370586677283,5.55659322532899,13.2580833770354,122.016362579379,0.510122091787021,"IND",56,5,"SS","S"
"461","Maurice Canady",315,0.022275573071479,4.52256826512442,23.8699200025421,109.840776227555,0.790961173338067,"BAL",6,1,"CB","CB"
"462","Maurice Smith",251,0.0822269326319242,4.32358030889401,15.6707003387781,107.420127339859,0.505239694805617,"MIA",14,2,"S","S"
"463","Melvin Ingram",24,0.522308460268487,5.85269504331371,2.24026898483397,163.227635180089,0.285137340123094,"LAC",2,2,"DE","DL/Offensive Player"
"464","Micah Hyde",3861,0.0397689937246657,3.46626597132318,15.9361945070761,112.501898902315,0.541378384587321,"BUF",190,15,"SS","S"
"465","Michael Davis",10695,0.021600493787133,3.48651472963173,19.4234407488349,124.890866804108,0.789921980488611,"LAC",299,13,"CB","CB"
"466","Michael Thomas",5399,0.0237003239924324,3.17451697760908,15.5502943118987,104.542750929335,0.61616747160603,"NYG",198,15,"WR","DL/Offensive Player"
"467","Michael Thomas",5399,0.0237003239924324,3.17451697760908,15.5502943118987,104.542750929335,0.61616747160603,"NYG",198,15,"SS","S"
"468","Mike Adams",7533,0.0403436879975081,3.69549820358234,13.9216661365088,113.00278976552,0.604244685832177,"CAR",250,16,"FS","S"
"469","Mike Evans",1,0.00573669751806449,1.27015747055238,3.89486841883009,94.270399245857,0.938262769001924,"TB",1,1,"WR","DL/Offensive Player"
"470","Mike Ford",6585,0.0171876736747824,3.11876810738524,20.991771479757,108.838837423759,0.798021910919632,"DET",178,7,"CB","CB"
"471","Mike Hilton",11813,0.0217322745320598,3.51230337341764,15.8208196763155,103.922546042891,0.679635400462983,"PIT",342,15,"CB","CB"
"472","Mike Hughes",3519,0.0300686923211125,3.9888751958035,16.946326210881,120.76241005482,0.736269521928058,"MIN",94,5,"CB","CB"
"473","Mike Hull",775,0.121939481983724,5.33775724422128,8.87303311054602,122.840866691072,0.578401899708979,"MIA",15,2,"MLB","LB"
"474","Mike Mitchell",1099,0.0518625554267093,6.08789890051025,16.9730179438305,112.2234859689,0.450545320175298,"IND",58,8,"FS","S"
"475","Mike Tyson",701,0.0185622919408356,3.53637709996684,20.4826118744697,119.486429628562,0.616239124790332,"HOU",30,4,"CB","CB"
"476","Minkah Fitzpatrick",17233,0.0242145190317603,3.94320937818154,16.9187101071357,107.225748034322,0.67671054737893,"MIA",374,16,"S","S"
"477","Montae Nicholson",2390,0.0253859758561414,3.60972772586467,16.8264709536469,103.695447263888,0.57903518512632,"WAS",127,10,"FS","S"
"478","Morgan Burnett",4894,0.0228309163665872,2.80878429374307,15.5349688692561,99.8810308736386,0.65105320798485,"PIT",181,11,"SS","S"
"479","Morris Claiborne",18055,0.0153354429439163,3.39217346183786,19.9633157618117,114.37333133138,0.804120294248484,"NYJ",464,15,"CB","CB"
"480","Mychal Kendricks",3622,0.0956996327600215,5.29579143143185,10.1452381284713,123.109884452669,0.427877111953786,"SEA",89,4,"OLB","LB"
"481","Myles Jack",11642,0.0740035475666799,5.20849979456942,12.7962138375828,115.880074606167,0.465867229688031,"JAX",396,16,"OLB","LB"
"482","Najee Goode",1202,0.0952129287153766,6.77312314487796,9.20854495199741,128.361754769526,0.521422550090169,"IND",34,6,"OLB","LB"
"483","Nat Berhe",718,0.0217162929905417,2.54790540687951,14.707347863239,87.1168457686054,0.671719354307959,"PIT",24,2,"SS","S"
"484","Nate Gerry",1654,0.107190293400832,5.86398941186119,9.66491478795836,123.728097822435,0.394392691852292,"PHI",51,8,"LB","LB"
"485","Nate Hairston",7715,0.0181702930820338,4.51398699487742,18.8131570889257,123.338555364932,0.731599609430965,"IND",203,10,"CB","CB"
"486","Nate Stupar",587,0.0524698051434574,4.50253968063974,12.0120153125873,112.736232353236,0.561470038549088,"NYG",24,6,"ILB","LB"
"487","Natrell Jamerson",1697,0.0200371272162661,4.63727085763394,20.2343707747381,108.509091968276,0.709856109897377,"HOU",50,4,"DB","S"
"488","Natrell Jamerson",1697,0.0200371272162661,4.63727085763394,20.2343707747381,108.509091968276,0.709856109897377,"GB",50,4,"DB","S"
"489","Neiko Thorpe",585,0.0140963875989065,2.48015116267263,19.0571021985295,115.610473829519,0.864604408447927,"SEA",15,3,"CB","CB"
"490","Neville Hewitt",3825,0.0507469878578679,4.41026062599345,13.846668606212,105.113018963381,0.531445989825894,"NYJ",123,8,"OLB","LB"
"491","Nevin Lawson",17000,0.0154507270444522,2.8426582963981,17.6516123946452,106.382705362244,0.710208206367371,"DET",407,15,"CB","CB"
"492","Nicholas Grigsby",367,0.149323848981645,7.09008482842519,7.70379842043222,135.744980468962,0.411717106930687,"NE",10,3,"LB","LB"
"493","Nicholas Morrow",7457,0.0974089307410899,5.51886158611602,11.4539094245797,118.031099673494,0.33723399768331,"OAK",209,14,"ILB","LB"
"494","Nick DeLuca",1896,0.0832646098304558,5.235501628292,9.13614716751238,125.712049128138,0.383905725268362,"JAX",31,4,"LB","LB"
"495","Nick Dzubnar",62,0.126530043166181,4.10662478516319,6.89224055764853,146.85574574491,0.591815171692637,"LAC",1,1,"ILB","LB"
"496","Nick Kwiatkoski",1702,0.0572278631455856,3.73843468424315,12.4504609967633,106.265688705059,0.508189674039531,"CHI",53,9,"ILB","LB"
"497","Nick Nelson",6198,0.0276769373797764,3.98022468973432,15.2464638397419,111.714259701432,0.658852961578937,"OAK",155,10,"CB","CB"
"498","Nick Perry",3610,0.098537353226534,4.31331054187514,7.97940984827287,102.464644237511,0.443657780776022,"GB",139,9,"OLB","LB"
"499","Nick Vigil",14495,0.0883079638160143,5.66941369866077,10.841570222065,121.668803544034,0.444996291157656,"CIN",352,11,"OLB","LB"
"500","Nickell Robey-Coleman",14999,0.0181153047299983,4.10070067147447,17.1301341307036,105.236451774069,0.581575648798407,"LA",322,16,"CB","CB"
"501","Nigel Bradham",17945,0.0897803725503283,6.54394925174981,10.7233392941055,126.76731234626,0.425856470559497,"PHI",471,15,"OLB","LB"
"502","Obi Melifonwu",450,0.00958905003530022,2.61006190615111,15.7927158666239,103.663481225516,0.706451115683857,"NE",13,2,"DB","S"
"503","Ola Adeniyi",79,0.0269036456732902,4.94922154599662,10.4983813730282,65.6609726633417,0.645582786649605,"PIT",4,1,"OLB","LB"
"504","Olivier Vernon",8663,0.0995612934631469,4.23829899196526,8.18965024592325,101.589919878456,0.446149683171286,"NYG",313,11,"DE","DL/Offensive Player"
"505","Oren Burks",1199,0.0477399967546773,3.54930804983774,14.0400932219273,97.8064178754284,0.561012096108716,"GB",50,9,"LB","LB"
"506","Orlando Scandrick",15640,0.0185784022564628,2.99096169369738,18.7839768647286,110.571964786325,0.782572291088506,"KC",419,13,"CB","CB"
"507","P.J. Williams",20802,0.0263921511655862,4.30454260710683,14.5629970407066,113.985096994773,0.617835963607698,"NO",415,15,"CB","CB"
"508","Parry Nickerson",5506,0.0254265320071044,3.78820508435493,14.9666560901528,104.154094388373,0.633461731519702,"NYJ",134,7,"CB","CB"
"509","Patrick Chung",17257,0.0297444937279093,3.38320990734951,13.9129610644917,113.974665403791,0.644773570963624,"NE",436,15,"SS","S"
"510","Patrick Onwuasor",3448,0.0429066468113743,3.3554517332687,14.4684766742335,95.7870188041218,0.503617955888441,"BAL",161,16,"ILB","LB"
"511","Patrick Peterson",15066,0.0128770740573788,3.90182095819105,20.5708840809806,114.782885610452,0.760322734565483,"ARI",448,16,"CB","CB"
"512","Patrick Ricard",381,0.226162234282731,4.34991416597467,6.10412537180656,130.624649682034,0.397194673578962,"BAL",17,5,"FB","DL/Offensive Player"
"513","Patrick Robinson",3124,0.0153859559454623,4.14467763132038,13.4040429112914,111.669391384675,0.562920008831258,"NO",61,3,"CB","CB"
"514","Pernell McPhee",3208,0.0710184941351592,4.08822922305729,8.715724287584,95.1935837341188,0.525786148461939,"WAS",100,13,"OLB","LB"
"515","Peter Kalambayi",576,0.0874164712054068,4.93621651131111,10.4910822322453,114.999629375912,0.469400692237612,"HOU",15,4,"LB","LB"
"516","Phillip Gaines",7465,0.0238533407568255,3.42789848488779,19.4618622804864,117.764786680979,0.785924804190791,"BUF",186,9,"CB","CB"
"517","Phillip Gaines",7465,0.0238533407568255,3.42789848488779,19.4618622804864,117.764786680979,0.785924804190791,"CLE",186,9,"CB","CB"
"518","Pierre Desir",16485,0.0175671935590127,3.94691171631469,19.0871884286459,126.50845473164,0.768848814614362,"IND",456,15,"CB","CB"
"519","Pita Taumoepenu",21,5.12249516491235e-07,5.23612447421723,13.9484866081453,97.1148716139265,0.63687251279521,"SF",1,1,"LB","LB"
"520","Preston Brown",5238,0.106564526565912,5.61043099998778,10.5375028771428,124.705930082318,0.389048168097058,"CIN",153,7,"MLB","LB"
"521","Preston Smith",12210,0.0648832877855071,4.04595544545564,8.83125937259394,101.076489757968,0.539798134458964,"WAS",388,16,"OLB","LB"
"522","Prince Amukamara",17661,0.0173833114753807,2.91166386058028,19.4488923470351,120.760553544446,0.79071505093846,"CHI",448,15,"CB","CB"
"523","Quandre Diggs",6194,0.0390500877961752,3.3392647688419,16.1949138177112,108.597169235776,0.613821110132532,"DET",257,16,"SS","S"
"524","Quenton Meeks",839,0.0221305429066949,2.5478715267056,17.1200787326269,116.034964643124,0.788868696405455,"JAX",24,2,"CB","CB"
"525","Quincy Wilson",9222,0.0235471042332922,4.44830117532642,18.1125352445758,119.321086112795,0.701252442244926,"IND",246,13,"CB","CB"
"526","Quinton Dunbar",6723,0.0218184142431617,2.74725231058093,20.4716183875193,107.964567255419,0.788442479767024,"WAS",197,7,"CB","CB"
"527","Raekwon McMillan",8939,0.106261942837548,5.83136264198621,10.590277298493,119.785788055468,0.461155861896702,"MIA",282,16,"LB","LB"
"528","Rafael Bush",8825,0.0302894483834117,4.30176446004044,14.283549937788,113.601569541452,0.609125814626596,"BUF",204,14,"SS","S"
"529","Ramik Wilson",1929,0.0619154711334372,3.06486097219469,13.1814190417754,95.4466069538633,0.491893637172867,"LA",70,9,"ILB","LB"
"530","Ramon Humber",955,0.0964922819387544,5.18572926175454,10.4175762098494,115.199767761727,0.320799762245022,"BUF",28,4,"OLB","LB"
"531","Ramon Humber",955,0.0964922819387544,5.18572926175454,10.4175762098494,115.199767761727,0.320799762245022,"NE",28,4,"OLB","LB"
"532","Rashaan Evans",3715,0.061186099072972,3.68033491085098,11.6965190460947,100.423556045668,0.523108873915596,"TEN",164,14,"LB","LB"
"533","Rashaan Gaulden",818,0.0436692733619493,3.86785253451996,14.8146489723514,122.3470896921,0.601868099878877,"CAR",39,9,"DB","S"
"534","Rashaan Melvin",11556,0.0236777305842211,3.25948225758799,18.5929994656323,113.498842094031,0.763482443720812,"OAK",294,14,"CB","CB"
"535","Rashard Robinson",1673,0.0289543785779188,2.80415457355642,19.0143577920483,101.97850630481,0.781477157879752,"NYJ",42,4,"CB","CB"
"536","Rasul Douglas",9716,0.0287101847954196,4.26465422810396,19.4421917768834,116.211596730998,0.73907553125938,"PHI",275,12,"CB","CB"
"537","Raven Greene",522,0.0129873191089778,2.78569849604887,15.8400061253105,104.506512888439,0.704842805930527,"GB",21,2,"FS","S"
"538","Ray-Ray Armstrong",2080,0.042896670461559,3.88299500467044,14.8573489358266,101.035083823976,0.511911295734139,"NYG",92,7,"OLB","LB"
"539","Ray-Ray Armstrong",2080,0.042896670461559,3.88299500467044,14.8573489358266,101.035083823976,0.511911295734139,"CLE",92,7,"OLB","LB"
"540","Rayshawn Jenkins",1801,0.0533970157117912,4.70463522192551,14.0749383643423,118.154087281277,0.564191908033065,"LAC",46,7,"SS","S"
"541","Reggie Gilbert",6775,0.0804824263326537,3.94443586571388,8.37495621215407,107.343020628732,0.550979001326997,"GB",211,16,"LB","LB"
"542","Reggie Nelson",2830,0.053313941338256,4.03240327294108,14.1681653254343,111.650871176805,0.569100785837561,"OAK",102,11,"FS","S"
"543","Reggie Ragland",4977,0.0630311152486792,5.36106042711872,10.9753179520524,114.657884616253,0.38067441201367,"KC",160,14,"ILB","LB"
"544","Reshad Jones",4456,0.0538215037753691,5.45485202175588,15.3717912330311,116.615034125504,0.527059588611106,"MIA",175,14,"SS","S"
"545","Reuben Foster",5932,0.102025083926885,5.74560130326706,10.7044725308794,120.559212771561,0.435463964484878,"SF",164,6,"OLB","LB"
"546","Ricardo Allen",1691,0.0567219542154732,4.72788524085205,15.8791055904538,118.12891279295,0.495999597765262,"ATL",65,3,"SS","S"
"547","Richard Sherman",14420,0.0145830741472201,3.65497839607661,20.6012403190124,117.372148369838,0.776678980974882,"SF",388,13,"CB","CB"
"548","Riley Bullough",788,0.14145287339418,5.9498917130838,10.3941174955276,124.621985800314,0.388475050653227,"TB",28,3,"LB","LB"
"549","Rob Gronkowski",2,0.00636604561968583,1.14477545589531,4.83014873940883,145.553991104489,0.640893286446975,"NE",1,1,"TE","DL/Offensive Player"
"550","Robert Alford",18489,0.0196621131594925,2.88581395990319,20.1999165177273,112.900376880024,0.81343091723172,"ATL",480,15,"CB","CB"
"551","Robert Quinn",54,5.9983034621579e-07,4.68968023042561,20.1839766502817,110.533101796624,0.154415496398333,"MIA",1,1,"DE","DL/Offensive Player"
"552","Robert Tonyan",51,0.0291192430153226,1.55304961497222,9.89746122242435,127.241827559963,0.744755127887792,"GB",1,1,"TE","DL/Offensive Player"
"553","Rodney McLeod",1338,0.072339433136159,6.55238135359996,13.7035159644906,106.463100188255,0.411828311923302,"PHI",45,3,"FS","S"
"554","Romeo Okwara",8992,0.0940021079697425,4.17614985704683,8.35437317636618,109.364605043421,0.437451096222888,"DET",309,15,"DE","DL/Offensive Player"
"555","Ron Parker",6583,0.0438157337809546,4.00657678274838,14.5114644887537,113.689233335771,0.582230465174076,"KC",228,14,"FS","S"
"556","Ronald Darby",10143,0.0254149569450619,3.98753174230543,19.5056843712769,115.97400889763,0.749207095696558,"PHI",296,9,"CB","CB"
"557","Ronnie Harrison",4502,0.0546166273958517,5.25080936931742,13.6076074009646,116.965962637452,0.477018484685797,"JAX",107,11,"DB","S"
"558","Rontez Miles",241,0.044036700161102,3.03876340402385,21.0395878962039,109.175524271427,0.625441399415129,"NYJ",14,3,"FS","S"
"559","Roquan Smith",14570,0.0579720774695108,4.56899985647798,12.1142484417544,111.891452251257,0.4867772100525,"CHI",441,16,"LB","LB"
"560","Rudy Ford",199,0.0431765585325761,4.30357745513118,15.8942523673866,96.2982849403894,0.407324363829896,"ARI",9,3,"S","S"
"561","Russell Shepard",18,4.7322148134792e-09,6.07232302598371,18.9534760339325,54.2987509595491,0.769785819750087,"NYG",1,1,"WR","DL/Offensive Player"
"562","Ryan Anderson",2901,0.086948449979134,3.72835926222396,8.12253635905496,105.657156032596,0.538134633574001,"WAS",86,13,"OLB","LB"
"563","Ryan Kerrigan",11907,0.0839730748644776,4.13793443131734,8.08805215020769,96.9473444879369,0.522914377005873,"WAS",392,16,"OLB","LB"
"564","Ryan Lewis",3376,0.0194528365270734,3.76340945525116,20.5409239095666,112.726865188491,0.764353076796344,"BUF",92,5,"CB","CB"
"565","Ryan Smith",7667,0.0200186331845345,4.02825450665962,19.6699972389345,122.923216625675,0.787283479091185,"TB",220,11,"CB","CB"
"566","Sam Acho",323,0.0771128492536471,5.17831667954664,11.9601041773008,124.368991703616,0.52084469202261,"CHI",11,2,"OLB","LB"
"567","Sam Hubbard",90,0.211263094261636,8.18589429765085,6.16480895682392,132.145817952274,0.314256423068542,"CIN",4,4,"DE","DL/Offensive Player"
"568","Sam Shields",8124,0.0180027680416017,3.5274489031611,20.6353431642978,103.533332289449,0.747862436204803,"LA",210,12,"CB","CB"
"569","Samson Ebukam",13113,0.0722354792105185,4.36188140300568,9.56531223266508,107.661778094614,0.548918992263807,"LA",323,16,"OLB","LB"
"570","Sean Chandler",2189,0.0235059768349066,2.98259745422137,16.2337227458065,99.0244615896413,0.714156895283664,"NYG",66,10,"DB","S"
"571","Sean Davis",2703,0.037014978681322,3.32495449128477,17.2572637522403,109.771491349495,0.543655107163959,"PIT",176,15,"SS","S"
"572","Sean Lee",3027,0.101829343070069,5.73929862866704,10.99740995839,121.135260367393,0.496721792028748,"DAL",97,7,"ILB","LB"
"573","Shalom Luani",164,0.0672544610667469,6.00138839363244,14.5610993927424,126.301454034797,0.662569353940616,"SEA",5,2,"FS","S"
"574","Shamarko Thomas",34,0.074481807675587,2.31236957355296,19.5014592606141,117.862165898561,0.263363816558609,"DEN",3,1,"SS","S"
"575","Shane Ray",78,2.83227825013277e-05,3.19451863852137,15.2121466110308,114.776186284279,0.681460426282539,"DEN",2,2,"DE","DL/Offensive Player"
"576","Shaq Thompson",11361,0.0731382264793575,5.55547324478737,11.8997815983738,117.755567702952,0.495091866383556,"CAR",279,14,"OLB","LB"
"577","Shaquem Griffin",9,5.70764247912659e-07,7.3621188644165,15.9577429267226,129.620300537947,0.526887985928496,"SEA",1,1,"LB","LB"
"578","Shaquil Barrett",4543,0.0681889730285756,4.24804058556634,8.98251076313108,107.502642864457,0.478373461065371,"DEN",122,12,"OLB","LB"
"579","Shaquill Griffin",16370,0.0168957886221624,2.86602214092862,19.2504365074406,118.4660532809,0.757340578098173,"SEA",444,15,"CB","CB"
"580","Shareece Wright",11308,0.018257547373431,3.64251289600739,19.95248277108,113.35452588452,0.76412352409443,"HOU",295,12,"CB","CB"
"581","Sharif Finch",2722,0.100031719554056,3.68357608285,8.38378383193439,110.635667884411,0.477280646651413,"TEN",85,15,"OLB","LB"
"582","Sharrod Neasman",4991,0.0409466334934067,4.13618300292446,14.8108877648565,108.754314698175,0.546121495105647,"ATL",162,11,"SS","S"
"583","Shaun Dion Hamilton",703,0.0568349358821375,3.78287121317095,14.1636824164823,104.780710301538,0.442374713246369,"WAS",32,5,"LB","LB"
"584","Shawn Williams",6241,0.0436444723784971,4.22120272177671,14.1771400028029,119.410146639867,0.550196111773271,"CIN",251,16,"SS","S"
"585","Sherrick McManis",6673,0.0185123750327761,4.06954203579722,16.3392332288913,109.560091744727,0.670401614216112,"CHI",152,14,"CB","CB"
"586","Shilique Calhoun",2706,0.114475290134678,4.74400210966523,8.72662105551199,112.152556397857,0.448646133660415,"OAK",59,7,"LB","LB"
"587","Sidney Jones",9635,0.0251847898913566,4.91555016810011,15.3906010933195,114.046072986944,0.530448319391277,"PHI",201,9,"CB","CB"
"588","Siran Neal",6,1.17717574477161e-05,6.50110145314924,10.7981098059851,133.16829319522,0.00738747170872689,"BUF",1,1,"DB","S"
"589","Skai Moore",616,0.106668307787502,6.53643023813544,12.4049103154373,129.983458805137,0.386426671578159,"IND",27,5,"ILB","LB"
"590","Solomon Thomas",22,0.000189794935028867,4.06617214302296,8.59994573788411,70.7280539311575,0.593303098503868,"SF",1,1,"DE","DL/Offensive Player"
"591","Stephon Gilmore",21509,0.012046977569224,2.85585985595403,18.6519255599461,112.041879850597,0.797063361108925,"NE",522,16,"CB","CB"
"592","Stephone Anthony",133,0.181495439939729,5.75260307531896,7.78639428043962,141.020164670953,0.428832544323745,"MIA",5,5,"MLB","LB"
"593","Steven Nelson",20596,0.0164834705584619,2.61944197465268,19.7516806533429,111.054082968755,0.80625426302719,"KC",533,15,"CB","CB"
"594","Su'a Cravens",1996,0.0366375871187679,3.6974889763335,12.6586170209776,106.221603386603,0.492753813513254,"DEN",67,5,"DB","S"
"595","T.J. Carrie",18489,0.0181848077846186,3.73275237298657,18.03224054052,104.461124087975,0.695924567151114,"CLE",489,15,"CB","CB"
"596","T.J. McDonald",8856,0.0394805827665442,4.2802047830642,14.2336952859218,119.71136004864,0.528402237796688,"MIA",260,14,"SS","S"
"597","T.J. Watt",13904,0.0712346846760549,3.73677628545099,8.92801571789221,103.359790591618,0.560436994315248,"PIT",427,16,"OLB","LB"
"598","Tae Davis",2934,0.0424405565265756,3.69034150575639,14.2708000651776,91.0145977335892,0.449648813277782,"NYG",137,11,"ILB","LB"
"599","Tahir Whitehead",14700,0.0777796618605778,5.48491704144396,11.6891310030931,118.330920920467,0.440919064106929,"OAK",429,16,"OLB","LB"
"600","Takkarist McKinley",44,0.000162227317596533,7.67271354797506,11.1646419775705,104.485795676185,0.116376811987192,"ATL",1,1,"DE","DL/Offensive Player"
"601","Tanner Vallejo",1712,0.0734310790742458,5.11043826636613,12.2928223269329,113.56961228786,0.498245601356708,"CLE",60,6,"LB","LB"
"602","Tanoh Kpassagnon",37,5.00854797602585e-06,3.4566598722963,12.3188340412363,105.817186978763,0.711066971873678,"KC",1,1,"DE","DL/Offensive Player"
"603","Tarell Basham",1352,0.0949122691999941,4.82311785874086,7.97605092985493,108.098962856414,0.520648375425907,"NYJ",45,7,"LB","LB"
"604","Taron Johnson",10890,0.0182141419658473,3.92494303644146,14.9299323281411,108.278428272544,0.630386599626623,"BUF",230,11,"CB","CB"
"605","Tarvarius Moore",3415,0.0281871103577005,3.84588342621248,18.293084345959,112.907262111032,0.720144672028665,"SF",89,8,"DB","S"
"606","Tashaun Gipson",9978,0.0494941248302856,3.80251120023243,13.823014445096,117.113002541775,0.562305461149294,"JAX",285,16,"FS","S"
"607","Tavierre Thomas",212,0.0433235053752368,3.39414516207232,20.2958883751588,126.425918619392,0.809003951164383,"CLE",7,1,"CB","CB"
"608","Tavon Wilson",4428,0.0191247456284863,3.34470703910981,16.7826693365544,102.543840940904,0.609978170383623,"DET",143,14,"SS","S"
"609","Tavon Young",12663,0.0137338129036478,3.08634984829331,16.326776122727,105.158294579458,0.683532275710845,"BAL",340,15,"CB","CB"
"610","Tedric Thompson",1244,0.0828542549841508,4.13473852361305,17.5983719908421,119.70132408634,0.432430927287809,"SEA",93,13,"FS","S"
"611","Teez Tabor",5781,0.0173132800206435,2.82709799969277,17.8937464312428,103.964419831785,0.747473806020374,"DET",141,10,"CB","CB"
"612","Telvin Smith",15056,0.0740606358786249,6.00341563557796,12.2374174632318,116.35833202261,0.420289298656215,"JAX",421,16,"OLB","LB"
"613","Terrance Mitchell",7233,0.022982756585659,3.99195322133589,18.8495201399083,112.970998724828,0.687756329702806,"CLE",231,8,"CB","CB"
"614","Terrance Smith",2997,0.0423139126469445,4.39731287547072,13.3446881805704,107.995370972276,0.562314784277669,"KC",101,6,"ILB","LB"
"615","Terrell Edmunds",6422,0.0272903459008801,3.25850163649769,16.4427034266866,108.561297012061,0.625941579907444,"PIT",276,16,"S","S"
"616","Terrell Suggs",9853,0.0881219240601774,3.87287651088723,8.67405010038315,104.788702593663,0.477396432200169,"BAL",358,16,"OLB","LB"
"617","Terrence Brooks",235,0.0380008245638846,2.72532353469792,16.568419686752,119.65929846881,0.66730834046451,"NYJ",15,3,"SS","S"
"618","Thomas Davis",12391,0.0829750923500709,5.3127867141424,11.2884202853018,117.61156021079,0.478619322616228,"CAR",311,12,"OLB","LB"
"619","Tim Williams",1746,0.0780956247454527,3.67378348280861,8.03969483118057,97.474751497768,0.570484911657822,"BAL",63,7,"OLB","LB"
"620","Todd Davis",10079,0.0660928528131493,4.77446654928438,11.8571071538655,113.315467152971,0.428851581526317,"DEN",322,15,"ILB","LB"
"621","Tony Brown",4274,0.0350320736279885,3.31286035392278,19.1052454528027,107.053929110107,0.70340898079593,"GB",132,10,"CB","CB"
"622","Tony Jefferson",5400,0.031348072131492,2.97462652672578,17.0666683274853,113.008840739174,0.627156212335845,"BAL",250,14,"SS","S"
"623","Tony Lippett",755,0.0296425351919187,3.74989255834375,20.6706064284067,115.199200569943,0.830565271216665,"NYG",20,2,"CB","CB"
"624","Tony McRae",2687,0.0200792718042428,4.29564900907692,15.7355118265141,120.11545383969,0.707339487668251,"CIN",58,5,"CB","CB"
"625","Torry McTyer",5888,0.0219300294628694,3.57344907761988,19.4887699779916,114.236225523904,0.721619107905575,"MIA",172,13,"CB","CB"
"626","Tracy Walker",1126,0.0292870098447301,3.73104547775921,19.5021225273172,102.347260299195,0.656080567229274,"DET",54,11,"DB","S"
"627","Trae Waynes",10531,0.0195601982494888,3.54546309208057,19.5980709742389,115.646166062338,0.754828299054736,"MIN",296,13,"CB","CB"
"628","Tramaine Brock",6768,0.0226151498683733,3.32470720035003,19.3828451847548,113.410746185647,0.768493901095403,"DEN",208,11,"CB","CB"
"629","Tramon Williams",10504,0.0181133872689084,3.21034416978493,18.1130412786198,110.81800308588,0.70182240950329,"GB",336,16,"CB","CB"
"630","Tre'Davious White",17538,0.0122438940653712,3.42206047014507,19.8602273884531,115.677048724515,0.802661694214135,"BUF",441,16,"CB","CB"
"631","Tre'Von Johnson",59,0.0127369203999292,2.30132064785275,11.1362485713292,132.357109016589,0.843350264121491,"LAC",1,1,"LB","LB"
"632","Tre Boston",3913,0.0590313975810244,3.76278609371135,15.0074001805881,116.644176430083,0.530759203557606,"ARI",188,14,"FS","S"
"633","Tre Flowers",15893,0.0179788640359022,3.25418702571672,19.7443634617802,120.914553457484,0.768433150427852,"SEA",416,14,"CB","CB"
"634","Tre Herndon",1187,0.019047040899271,3.23467326673179,17.4927008404904,117.808085936048,0.773292560931439,"JAX",36,3,"CB","CB"
"635","Tre Sullivan",1196,0.0395270327258952,5.79303405568784,17.1527950372126,116.873067573092,0.312386221203859,"PHI",61,7,"DB","S"
"636","Tremaine Edmunds",10116,0.090701840027935,5.04199880645221,11.8815230821835,113.038165439646,0.452478863648435,"BUF",366,15,"LB","LB"
"637","Tremon Smith",1246,0.0214646041240023,2.90985979630054,17.1462279996795,107.473877161223,0.828910253036437,"KC",34,4,"WR","DL/Offensive Player"
"638","Trent Murphy",11,0.238210286136339,4.80092382441149,7.56783268088678,114.851420529328,0.493044664578146,"BUF",1,1,"DE","DL/Offensive Player"
"639","Trevon Young",296,0.110561895944208,4.9981554939366,7.09605678388745,99.5420556280758,0.579917178728604,"LA",6,1,"OLB","LB"
"640","Trevor Williams",6139,0.0186780460805121,3.24287092089164,19.3593852298554,112.823656857472,0.772047833905852,"LAC",168,7,"CB","CB"
"641","Troy Hill",6545,0.0238085731667983,4.13513312489254,18.9943804865254,111.510250390428,0.666924833825458,"LA",192,12,"CB","CB"
"642","Trumaine Johnson",11444,0.0148994346443784,3.8794133528527,20.5984672012371,112.062210277909,0.757253284793073,"NYJ",310,10,"CB","CB"
"643","Tyler Matakevich",613,0.0482031638321474,3.28947597208245,14.1665250287018,104.087018564941,0.544551933190984,"PIT",22,3,"ILB","LB"
"644","Tyler Patmon",5973,0.0215845364145505,4.27026836402253,15.5158000707833,111.003688953611,0.654064062595678,"JAX",124,7,"CB","CB"
"645","Tyrann Mathieu",12150,0.0288769896503095,4.07636054982401,14.9603911985914,110.097890273826,0.599148263357511,"HOU",371,16,"FS","S"
"646","Tyus Bowser",2483,0.0648871692872922,3.75864525859603,11.91560917509,98.431789566093,0.563336652207062,"BAL",84,14,"OLB","LB"
"647","Tyvis Powell",1356,0.0444488415054293,4.70990392868234,13.2689771139707,123.767944862288,0.537211185705858,"SF",37,4,"DB","S"
"648","Uchenna Nwosu",5863,0.0767154109814224,5.19380648406793,8.55633729613855,107.328852957862,0.52105165923894,"LAC",150,15,"LB","LB"
"649","Ukeme Eligwe",361,0.0371959132863904,4.17889300654758,14.8109117939914,90.1282270065044,0.543893444359393,"NYG",18,3,"ILB","LB"
"650","Vic Beasley",13591,0.107235439567253,4.74177348324703,7.5633233068522,106.686163890258,0.513465945427251,"ATL",383,16,"DE","DL/Offensive Player"
"651","Vince Biegel",12,7.59568709692327e-07,4.57054978400566,10.502621274412,31.3053559536284,0.959901298486389,"NO",1,1,"LB","LB"
"652","Vince Williams",7632,0.0541631608288439,3.37599847744115,12.9786335853012,100.559852927953,0.554223511369014,"PIT",310,14,"ILB","LB"
"653","Vincent Rey",2977,0.0506321313259412,4.74618410535226,11.4411790943127,119.555901606898,0.438840339058403,"CIN",66,8,"OLB","LB"
"654","Von Miller",13797,0.094933456276138,4.22340012914792,8.16019703575629,104.017007095007,0.518719869917545,"DEN",388,15,"OLB","LB"
"655","Vonn Bell",11672,0.0365660683213616,4.08421203944059,13.9532752709168,115.784574502267,0.51802114001936,"NO",314,16,"FS","S"
"656","Vontae Davis",356,0.0157113247298267,3.78387268577024,18.8773928472764,112.363163255674,0.773146486807989,"BUF",15,1,"CB","CB"
"657","Vontaze Burfict",5473,0.0755124711447876,5.55567760303734,11.8960080470776,120.927596976853,0.369643712014604,"CIN",137,7,"OLB","LB"
"658","Walt Aikens",546,0.051951226847553,3.74171672121448,11.2716242249011,117.694888310002,0.630419688461387,"MIA",12,5,"CB","CB"
"659","Wayne Gallman",39,0.104057016360795,5.68062399174727,9.64198806720447,96.1850874814847,0.422034782104754,"NYG",1,1,"RB","DL/Offensive Player"
"660","Wesley Woodyard",5754,0.0564066844312755,3.55403070733516,13.5208201332627,101.894493648778,0.521789195863386,"TEN",268,14,"ILB","LB"
"661","Whitney Mercilus",16370,0.0869786404337414,4.86518192167691,9.32149966792803,107.086664484148,0.505411133517153,"HOU",399,16,"OLB","LB"
"662","Will Compton",426,0.0694957710373363,3.51582085663564,12.9383847471211,106.815608905384,0.436740731710353,"TEN",22,5,"ILB","LB"
"663","Will Parks",5126,0.0339838467798959,3.38920309458454,13.9058769561419,111.158146764406,0.596854600708121,"DEN",188,15,"FS","S"
"664","Will Redmond",83,0.0586150128376438,2.57766751208461,9.25574290313642,104.232194630039,0.646756088801138,"GB",3,1,"S","S"
"665","William Gholston",60,0.279682162972814,4.63980049927447,3.23751785168617,147.01934026286,0.588222445443738,"TB",2,2,"DE","DL/Offensive Player"
"666","William Jackson",19439,0.0116478362010669,2.96825669083845,20.4777836168077,108.802539108727,0.797339710080189,"CIN",496,16,"CB","CB"
"667","Xavien Howard",13036,0.0178492514135541,3.55689710699641,20.3130214472003,111.825563320468,0.766681356715543,"MIA",351,12,"CB","CB"
"668","Xavier Rhodes",12414,0.0185938376994555,3.08531794590138,19.5868344717386,110.768680915397,0.809018592914145,"MIN",322,13,"CB","CB"
"669","Xavier Woods",3632,0.0675065547804525,5.42003884450302,15.0287297875358,117.206002741506,0.4954163305921,"DAL",165,14,"FS","S"
"670","Yannick Ngakoue",52,0.0957266498905396,5.52387144697883,6.10171260717105,106.929107373011,0.459040942482629,"JAX",2,2,"DE","DL/Offensive Player"
"671","Za'Darius Smith",7074,0.125173462993572,4.01450010379995,8.07186364839118,109.312561158597,0.458807176268398,"BAL",303,16,"OLB","LB"
"672","Zach Brown",5553,0.0541837275623664,3.83064061039321,13.9778921144235,102.28515982593,0.468954155324499,"WAS",259,16,"ILB","LB"
"673","Zach Cunningham",13171,0.0649334234204552,5.03896281760973,11.8158751470434,113.196445085582,0.44680420983892,"HOU",354,14,"ILB","LB"
"674","Zach Vigil",202,0.061235384045547,3.61888259943057,12.1861963581422,97.8895389570768,0.473198755716362,"WAS",12,2,"MLB","LB"
"675","Zaire Franklin",2585,0.0784592461467077,5.80864983332163,10.8709880690215,120.923267802278,0.510411165192745,"IND",82,11,"ILB","LB"
"676","Zeke Turner",30,0.175269031577942,5.37934663579227,7.90963980671722,125.619673989569,0.649148839116777,"ARI",2,2,"LB","LB"
